投稿日,アカウント名,PR/通常,sns,担当者,タイトル,URL,種別,更新日,動画尺,再生数,いいね,コメント,共有,保存,いいね率,コメント率,共有率,保存率,平均視聴時間,視聴維持率,1秒継続率,3秒継続率,6秒継続率,フル視聴率,新規フォロー,フォロー率,おすすめ率
2024-11-01 00:00:00,韓国オンニ,通常,,,プラザ6選,https://www.tiktok.com/@choa_cosme/video/7432230256804728072?is_from_webapp=1&sender_device=pc&web_id=7409943419302872596,長尺,,68.45,227977.0,5311.0,13.0,67.0,1782.0,0.02329620971,5.702329621e-05,0.0002938892959,0.007816577988,17.5,0.2556610665,81.0,56.0,43.0,10.34,200.0,,98.0
2024-11-01 00:00:00,コスメ怪獣ちゃん,通常,,,キャンメイク隠れ名品3選,https://www.tiktok.com/@otoroom01/video/7432250477422660882?is_from_webapp=1&sender_device=pc&web_id=7409943419302872596,短尺,,32.81,31160.0,853.0,12.0,8.0,253.0,0.02737483954,0.0003851091142,0.0002567394095,0.008119383825,10.9,0.3322157879,79.0,52.0,40.0,15.75,28.0,,88.0
2024-11-01 00:00:00,ビビちゃん,通常,,,ファンデ,https://www.tiktok.com/@bibichan_cosme/video/7432253249366936840?is_from_webapp=1&sender_device=pc&web_id=7409943419302872596,短尺,,44.05,42452.0,1294.0,6.0,10.0,546.0,0.03048148497,0.0001413360972,0.0002355601621,0.01286158485,10.9,0.247446084,75.0,43.0,34.0,10.57,11.0,,81.0
2024-11-02 00:00:00,ビビちゃん,通常,,,デパコスギフト,https://www.tiktok.com/@bibichan_cosme/video/7432638011134823688?is_from_webapp=1&sender_device=pc&web_id=7409943419302872596,短尺,,34.34,100826.0,2857.0,5.0,15.0,811.0,0.02833594509,4.959038343e-05,0.0001487711503,0.008043560193,10.0,0.2912055911,76.0,45.0,36.0,14.71,31.0,,94.0
2024-11-01 00:00:00,モテコスメちゃん,PR,,,【PR】サマーズイブ,https://www.tiktok.com/@mote_cosme/video/7432239349657275666?is_from_webapp=1&sender_device=pc&web_id=7409943419302872596,短尺,,55.24,2214.0,90.0,3.0,2.0,15.0,0.0406504065,0.00135501355,0.0009033423668,0.006775067751,6.0,0.1086169442,65.0,29.0,16.0,2.43,0.0,,52.0
2024-11-02 00:00:00,突撃ちゃん,通常,,,乾燥しないファンデ,https://www.tiktok.com/@totsugeki_cosme/video/7432642864494021905?is_from_webapp=1&sender_device=pc&web_id=7409943419302872596,短尺,,27.54,4558.0,70.0,2.0,1.0,22.0,0.01535761299,0.0004387889425,0.0002193944713,0.004826678368,8.0,0.290486565,77.0,38.0,27.0,14.21,3.0,,79.0
2024-11-01 00:00:00,肌コミちゃん,PR,,,【PR】サーマーズイブ,https://www.tiktok.com/@bihadanaritaina/video/7432231264192580882?is_from_webapp=1&sender_device=pc&web_id=7409943419302872596,短尺,,52.34,1177.0,30.0,1.0,0.0,6.0,0.02548853016,0.000849617672,0,0.005097706032,5.8,0.1108139091,75.0,28.0,16.0,2.65,1.0,,66.0
2024-11-02 00:00:00,肌コミちゃん,PR,,,【PR】ダルシム,https://www.tiktok.com/@bihadanaritaina/video/7432617760997362952?is_from_webapp=1&sender_device=pc&web_id=7409943419302872596,短尺,,32.37,1189.0,24.0,1.0,0.0,1.0,0.02018502944,0.0008410428932,0,0.0008410428932,4.5,0.1390176089,63.0,23.0,13.0,3.06,0.0,,60.0
2024-11-03 00:00:00,肌コミちゃん,通常,,,ニベア洗顔,https://www.tiktok.com/@bihadanaritaina/video/7432974251986062599?is_from_webapp=1&sender_device=pc&web_id=7409943419302872596,短尺,,29.44,5680.0,112.0,0.0,2.0,35.0,0.01971830986,0,0.0003521126761,0.006161971831,6.0,0.2038043478,76.0,35.0,22.0,5.92,1.0,,78.0
2024-11-04 00:00:00,コスメ怪獣ちゃん,通常,,,ディオール比較,https://www.tiktok.com/@otoroom01/video/7433345709606178066?is_from_webapp=1&sender_device=pc&web_id=7409943419302872596,短尺,,14.51,52685.0,612.0,15.0,8.0,169.0,0.01161620955,0.0002847110183,0.0001518458764,0.00320774414,6.5,0.4479669194,78.0,46.0,36.0,18.27,9.0,,91.0
2024-11-04 00:00:00,突撃ちゃん,通常,,,TIRTIRティント,https://www.tiktok.com/@totsugeki_cosme/video/7433346521657068808?is_from_webapp=1&sender_device=pc&web_id=7409943419302872596,短尺,,12.65,1869.0,59.0,15.0,0.0,33.0,0.03156768325,0.008025682183,0,0.0176565008,6.0,0.4743083004,71.0,31.0,21.0,14.42,0.0,,77.0
2024-11-05 00:00:00,コスメ怪獣ちゃん,通常,,,メラノCC洗顔,https://www.tiktok.com/@otoroom01/video/7433716389501750546?is_from_webapp=1&sender_device=pc&web_id=7409943419302872596,短尺,,13.68,38450.0,642.0,41.0,14.0,165.0,0.0166970091,0.001066319896,0.0003641092328,0.004291287386,7.6,0.5555555556,78.0,46.0,35.0,25.36,9.0,,94.0
2024-11-05 00:00:00,成分オタクちゃん,通常,,,無印クリームミスト,https://www.tiktok.com/@seibun_otakuchan/video/7433713988401171713?is_from_webapp=1&sender_device=pc&web_id=7409943419302872596,短尺,,24.84,13054.0,113.0,21.0,12.0,42.0,0.008656350544,0.001608702313,0.0009192584648,0.003217404627,9.3,0.3743961353,66.0,48.0,40.0,16.51,6.0,,20.0
2024-11-05 00:00:00,ビビちゃん,通常,,,ちふれクレンジング,https://www.tiktok.com/@bibichan_cosme/video/7433733946912853256?is_from_webapp=1&sender_device=pc&web_id=7409943419302872596,短尺,,20.25,16234.0,304.0,23.0,19.0,90.0,0.01872613034,0.001416779598,0.001170383146,0.005543920168,7.3,0.3604938272,80.0,37.0,26.0,13.23,4.0,,83.0
2024-11-01 00:00:00,モテコスメちゃん,通常,,,デパコスデビュー,https://www.tiktok.com/@mote_cosme/video/7433719005942238471?is_from_webapp=1&sender_device=pc&web_id=7409943419302872596,短尺,,37.27,10681.0,319.0,20.0,9.0,59.0,0.0298661174,0.00187248385,0.0008426177324,0.005523827357,9.9,0.2656291924,73.0,43.0,32.0,12.39,5.0,,84.0
2024-11-05 00:00:00,突撃ちゃん,PR,,,Anua化粧水,https://www.tiktok.com/@totsugeki_cosme/video/7433726568695909650?is_from_webapp=1&sender_device=pc&web_id=7409943419302872596,短尺,,49.62,1051.0,18.0,4.0,0.0,4.0,0.01712654615,0.003805899144,0,0.003805899144,8.8,0.1773478436,66.0,34.0,26.0,6.17,3.0,,39.0
2024-11-04 00:00:00,ももそら,通常,,,コスデコパウダー,https://www.tiktok.com/@cosme_daisuki.kaigi/video/7433366996319800583?is_from_webapp=1&sender_device=pc&web_id=7409943419302872596,短尺,,40.35,240802.0,4082.0,93.0,9.0,598.0,0.01695168645,0.0003862094169,3.737510486e-05,0.002483368078,11.2,0.2775712515,83.0,47.0,40.0,10.72,314.0,,97.0
2024-11-05 00:00:00,ももそら,通常,,,ナンバーズインパック買うべき？,https://www.tiktok.com/@cosme_daisuki.kaigi/video/7433765735740083463?is_from_webapp=1&sender_device=pc&web_id=7409943419302872596,短尺,,44.21,14277.0,219.0,10.0,0.0,13.0,0.01533935701,0.0007004272606,0,0.0009105554388,10.4,0.2352408957,80.0,44.0,36.0,7.52,29.0,,83.0
2024-11-06 00:00:00,ももそら,通常,,,アゼライン酸_投稿済み,https://www.tiktok.com/@cosme_daisuki.kaigi/video/7434080625331539208?is_from_webapp=1&sender_device=pc&web_id=7409943419302872596,長尺,,75.19,19366.0,320.0,9.0,2.0,88.0,0.01652380461,0.0004647320045,0.0001032737788,0.004544046267,12.8,0.1702354036,78.0,41.0,32.0,9.26,31.0,,89.0
2024-11-06 00:00:00,ビビちゃん,PR,,,Anuaパック,https://www.tiktok.com/@bibichan_cosme/video/7434088636116765959?is_from_webapp=1&sender_device=pc&web_id=7409943419302872596,短尺,,47.79,1513.0,66.0,12.0,0.0,7.0,0.04362194316,0.007931262393,0,0.004626569729,6.1,0.1276417661,61.0,34.0,22.0,3.08,1.0,,52.0
2024-11-06 00:00:00,モテコスメちゃん,通常,,,スクラブ比較,https://www.tiktok.com/@mote_cosme/video/7434083441647291656?is_from_webapp=1&sender_device=pc&web_id=7409943419302872596,短尺,,32.18,33320.0,1277.0,47.0,3.0,234.0,0.03832533013,0.001410564226,9.003601441e-05,0.007022809124,11.5,0.3573648229,81.0,44.0,36.0,23.02,14.0,,92.0
2024-11-06 00:00:00,肌コミちゃん,通常,,,無印スクラブ洗顔,https://www.tiktok.com/@bihadanaritaina/video/7434085105984998674?is_from_webapp=1&sender_device=pc&web_id=7409943419302872596,短尺,,24.24,2730.0,65.0,20.0,1.0,17.0,0.02380952381,0.007326007326,0.0003663003663,0.006227106227,6.0,0.2475247525,71.0,33.0,23.0,9.2,0.0,,59.0
2024-11-06 00:00:00,美容探偵,通常,,,まつ毛,https://www.tiktok.com/@tantei_cosme/video/7434093915684228359?is_from_webapp=1&sender_device=pc&web_id=7409943419302872596,短尺,,29.3,8316.0,81.0,11.0,2.0,10.0,0.00974025974,0.001322751323,0.0002405002405,0.001202501203,8.9,0.3037542662,85.0,41.0,27.0,13.32,3.0,,84.0
2024-11-08 00:00:00,成分オタクちゃん,通常,,,キャンメイクBBクリーム,https://www.tiktok.com/@seibun_otakuchan/video/7434831418401787152?is_from_webapp=1&sender_device=pc&web_id=7409943419302872596,短尺,,21.45,25155.0,376.0,7.0,5.0,148.0,0.01494732658,0.0002782746969,0.0001987676406,0.005883522163,8.9,0.4149184149,84.0,49.0,34.0,17.28,10.0,,91.0
2024-11-09 00:00:00,成分オタクちゃん,通常,,,KATEクッションファンデ,https://www.tiktok.com/@seibun_otakuchan/video/7435196308576668929?is_from_webapp=1&sender_device=pc&web_id=7409943419302872596,短尺,,23.78,67070.0,572.0,4.0,20.0,258.0,0.008528403161,5.963918294e-05,0.0002981959147,0.0038467273,9.7,0.4079058032,87.0,56.0,41.0,16.97,20.0,,98.0
2024-11-07 00:00:00,コスメ怪獣ちゃん,PR,,,【PR】anua桃パック,https://www.tiktok.com/@otoroom01/video/7434462539737550098?is_from_webapp=1&sender_device=pc&web_id=7409943419302872596,短尺,,38.75,2955.0,49.0,6.0,0.0,15.0,0.0165820643,0.002030456853,0,0.005076142132,7.4,0.1909677419,66.0,32.0,23.0,5.43,1.0,,29.0
2024-11-08 00:00:00,コスメ怪獣ちゃん,通常,,,ペリペラリップ,https://www.tiktok.com/@otoroom01/video/7434832343715663122?is_from_webapp=1&sender_device=pc&web_id=7409943419302872596,短尺,,32.51,16731.0,538.0,1.0,6.0,60.0,0.03215587831,5.976929054e-05,0.0003586157432,0.003586157432,9.0,0.276837896,72.0,48.0,35.0,7.49,9.0,,90.0
2024-11-08 00:00:00,ビビちゃん,通常,,,飲み会リップ,https://www.tiktok.com/@bibichan_cosme/video/7434820741452844295?is_from_webapp=1&sender_device=pc&web_id=7409943419302872596,短尺,,37.34,4011.0,123.0,3.0,1.0,23.0,0.03066566941,0.0007479431563,0.0002493143854,0.005734230865,8.0,0.2142474558,70.0,33.0,23.0,13.29,0.0,,58.0
2024-11-07 00:00:00,モテコスメちゃん,通常,,,プラザまとめ,https://www.tiktok.com/@mote_cosme/video/7434496096069569799?is_from_webapp=1&sender_device=pc&web_id=7409943419302872596,短尺,,33.37,17795.0,386.0,14.0,4.0,73.0,0.02169148637,0.0007867378477,0.0002247822422,0.00410227592,8.9,0.2667066227,73.0,46.0,33.0,11.99,12.0,,76.0
2024-11-08 00:00:00,モテコスメちゃん,通常,,,セザンヌ下地,https://www.tiktok.com/@mote_cosme/video/7434853293500697874?is_from_webapp=1&sender_device=pc&web_id=7409943419302872596,短尺,,22.55,42888.0,1056.0,29.0,12.0,353.0,0.02462227196,0.0006761798172,0.000279798545,0.008230740533,9.1,0.4035476718,80.0,51.0,38.0,16.07,28.0,,90.0
2024-11-07 00:00:00,韓国オンニ,通常,,,メガ割美容液,https://www.tiktok.com/@choa_cosme/video/7434460047985380615?is_from_webapp=1&sender_device=pc&web_id=7409943419302872596,長尺,,67.87,215641.0,6826.0,37.0,68.0,3105.0,0.03165446274,0.0001715814711,0.0003153389198,0.01439893156,12.9,0.19006925,69.0,40.0,32.0,10.35,189.0,,82.0
2024-11-08 00:00:00,韓国オンニ,通常,,,メガ割化粧下地,https://www.tiktok.com/@choa_cosme/video/7434831392120360199?is_from_webapp=1&sender_device=pc&web_id=7409943419302872596,短尺,,30.18,30725.0,698.0,15.0,6.0,227.0,0.02271765663,0.0004882017901,0.000195280716,0.007388120423,7.7,0.2551358516,75.0,37.0,28.0,14.6,17.0,,77.0
2024-11-07 00:00:00,突撃ちゃん,通常,,,プラザ3選,https://www.tiktok.com/@totsugeki_cosme/video/7434472827551567111?is_from_webapp=1&sender_device=pc&web_id=7409943419302872596,短尺,,31.07,32845.0,396.0,4.0,7.0,115.0,0.01205662962,0.0001217841376,0.0002131222408,0.003501293956,9.6,0.3089797232,79.0,50.0,35.0,14.36,6.0,,90.0
2024-11-09 00:00:00,突撃ちゃん,通常,,,プチプラ神洗顔3選,https://www.tiktok.com/@totsugeki_cosme/video/7435187970920992016?is_from_webapp=1&sender_device=pc&web_id=7409943419302872596,短尺,,39.8,5511.0,102.0,2.0,2.0,48.0,0.01850843767,0.0003629105426,0.0003629105426,0.008709853021,10.8,0.2713567839,82.0,43.0,34.0,12.6,6.0,,86.0
2024-11-07 00:00:00,肌コミちゃん,通常,,,メガ割美容液,https://www.tiktok.com/@bihadanaritaina/video/7434494891436117266?is_from_webapp=1&sender_device=pc&web_id=7409943419302872596,長尺,,70.87,22218.0,509.0,7.0,3.0,202.0,0.02290935278,0.0003150598614,0.0001350256549,0.009091727428,12.0,0.1693241146,71.0,38.0,30.0,8.86,22.0,,90.0
2024-11-07 00:00:00,美容探偵,通常,,,ファンデ２種比較,https://www.tiktok.com/@tantei_cosme/video/7434507805819735303?is_from_webapp=1&sender_device=pc&web_id=7409943419302872596,短尺,,37.71,148136.0,3194.0,42.0,7.0,736.0,0.02156126802,0.0002835232489,4.725387482e-05,0.004968407409,17.07,0.4526650756,75.0,42.0,32.0,17.07,38.0,,97.0
2024-11-08 00:00:00,ももそら,通常,,,シュウウエムラクレンジング,https://www.tiktok.com/@cosme_daisuki.kaigi/video/7434884049442802951?is_from_webapp=1&sender_device=pc&web_id=7409943419302872596,短尺,,58.7,115952.0,774.0,78.0,7.0,137.0,0.006675175935,0.0006726921485,6.03698082e-05,0.001181523389,11.4,0.1942078365,82.0,43.0,35.0,6.69,96.0,,97.0
2024-11-09 00:00:00,ももそら,通常,,,Anua美白美容液,https://www.tiktok.com/@cosme_daisuki.kaigi/video/7435171872876104968?is_from_webapp=1&sender_device=pc&web_id=7409943419302872596,短尺,,47.25,28471.0,756.0,17.0,7.0,256.0,0.02655333497,0.0005970988023,0.0002458642127,0.008991605493,8.9,0.1883597884,75.0,34.0,29.0,9.36,48.0,,91.0
2024-11-10 00:00:00,成分オタクちゃん,通常,,,エクセルスキンケアまとめ,https://www.tiktok.com/@seibun_otakuchan/video/7435576988104150289?is_from_webapp=1&sender_device=pc&web_id=7409943419302872596,短尺,,45.44,30883.0,490.0,5.0,16.0,300.0,0.01586633423,0.0001619013697,0.000518084383,0.009714082181,13.2,0.2904929577,82.0,53.0,36.0,14.16,19.0,,93.0
2024-11-10 00:00:00,成分オタクちゃん,通常,,,Anuaアゼライン酸15%美容液,https://www.tiktok.com/@seibun_otakuchan/video/7435612316537785616?is_from_webapp=1&sender_device=pc&web_id=7409943419302872596,短尺,,22.71,4588.0,43.0,2.0,0.0,11.0,0.009372275501,0.0004359197908,0,0.002397558849,6.2,0.2730074857,75.0,38.0,26.0,10.5,1.0,,79.0
2024-11-11 00:00:00,コスメ怪獣ちゃん,通常,,,メガ割おすすめコスメ,https://www.tiktok.com/@otoroom01/video/7435954298128829714?is_from_webapp=1&sender_device=pc&web_id=7409943419302872596,長尺,,64.62,38128.0,872.0,4.0,7.0,268.0,0.02287033151,0.0001049097776,0.0001835921108,0.007028955099,11.7,0.1810584958,73.0,43.0,31.0,11.27,10.0,,63.0
2024-11-11 00:00:00,ももそら,通常,,,乾燥しないファンデ,https://www.tiktok.com/@cosme_daisuki.kaigi/video/7435972954917211400?is_from_webapp=1&sender_device=pc&web_id=7409943419302872596,短尺,,52.17,64111.0,1671.0,43.0,8.0,365.0,0.02606416996,0.0006707117343,0.0001247835785,0.005693250768,12.7,0.2434349243,78.0,44.0,37.0,9.52,109.0,,92.0
2024-11-11 00:00:00,ビビちゃん,PR,,,【PR】WELLAGE,https://www.tiktok.com/@bibichan_cosme/video/7435951399499877639?is_from_webapp=1&sender_device=pc&web_id=7409943419302872596,短尺,,37.92,2254.0,34.0,2.0,1.0,6.0,0.01508429459,0.0008873114463,0.0004436557232,0.002661934339,6.5,0.1714135021,61.0,33.0,25.0,4.65,2.0,,18.0
2024-11-11 00:00:00,モテコスメちゃん,PR,,,【PR】アレンシア,https://www.tiktok.com/@mote_cosme/video/7435939459205565714?is_from_webapp=1&sender_device=pc&web_id=7409943419302872596,短尺,,54.22,1645.0,78.0,9.0,3.0,15.0,0.04741641337,0.00547112462,0.001823708207,0.009118541033,5.7,0.1051272593,71.0,32.0,15.0,2.53,0.0,,40.0
2024-11-09 00:00:00,韓国オンニ,通常,,,メガ割パック,https://www.tiktok.com/@choa_cosme/video/7435234957129157906?is_from_webapp=1&sender_device=pc&web_id=7409943419302872596,長尺,,67.78,193642.0,4910.0,13.0,30.0,2144.0,0.02535606945,6.713419609e-05,0.0001549250679,0.01107197819,11.3,0.1667158454,73.0,36.0,28.0,9.94,118.0,,90.0
2024-11-10 00:00:00,韓国オンニ,PR,,,【PR】魔女工場,https://www.tiktok.com/@choa_cosme/video/7435568570785910034?is_from_webapp=1&sender_device=pc&web_id=7409943419302872596,短尺,,49.41,4648.0,67.0,0.0,2.0,14.0,0.01441480207,0,0.000430292599,0.003012048193,7.3,0.1477433718,71.0,41.0,27.0,4.19,2.0,,45.0
2024-11-11 00:00:00,韓国オンニ,PR,,,【PR】ODELOI,https://www.tiktok.com/@choa_cosme/video/7435939210386869512?is_from_webapp=1&sender_device=pc&web_id=7409943419302872596,短尺,,33.25,3033.0,80.0,9.0,1.0,26.0,0.02637652489,0.00296735905,0.0003297065612,0.00857237059,6.5,0.1954887218,79.0,34.0,22.0,7.01,2.0,,67.0
2024-11-11 00:00:00,成分オタクちゃん,PR,,,【PR】バブバブ,https://www.tiktok.com/@seibun_otakuchan/video/7435950501570612481?is_from_webapp=1&sender_device=pc&web_id=7409943419302872596,短尺,,55.63,35701.0,347.0,4.0,9.0,43.0,0.009719615697,0.0001120416795,0.0002520937789,0.001204448055,4.7,0.0844867877,64.0,20.0,13.0,2.55,41.0,,98.0
2024-11-11 00:00:00,突撃ちゃん,PR,,,【PR】アレンシア洗顔,https://www.tiktok.com/@totsugeki_cosme/video/7435947484549057808?is_from_webapp=1&sender_device=pc&web_id=7409943419302872596,短尺,,35.62,1131.0,26.0,6.0,0.0,18.0,0.02298850575,0.005305039788,0,0.01591511936,7.0,0.1965188097,78.0,41.0,21.0,4.4,0.0,,51.0
2024-11-08 00:00:00,肌コミちゃん,PR,,,【PR】Anua,https://www.tiktok.com/@bihadanaritaina/video/7434830579939413266?is_from_webapp=1&sender_device=pc&web_id=7409943419302872596,短尺,,52.92,1795.0,48.0,0.0,0.0,7.0,0.02674094708,0,0,0.003899721448,5.9,0.1114890401,66.0,30.0,20.0,2.1,1.0,,55.0
2024-11-09 00:00:00,肌コミちゃん,PR,,,【PR】アレンシアB,https://www.tiktok.com/@bihadanaritaina/video/7435196447294901505?is_from_webapp=1&sender_device=pc&web_id=7409943419302872596,短尺,,38.31,1057.0,26.0,0.0,0.0,2.0,0.02459791864,0,0,0.001892147588,2.9,0.07569825111,58.0,19.0,8.0,1.33,2.0,,41.0
2024-11-10 00:00:00,肌コミちゃん,PR,,,【PR】魔女工場,https://www.tiktok.com/@bihadanaritaina/video/7435573264929344769?is_from_webapp=1&sender_device=pc&web_id=7409943419302872596,短尺,,52.8,1271.0,30.0,6.0,0.0,7.0,0.02360346184,0.004720692368,0,0.00550747443,6.2,0.1174242424,66.0,25.0,15.0,1.68,0.0,,47.0
2024-11-11 00:00:00,肌コミちゃん,PR,,,【PR】ジアンサー,https://www.tiktok.com/@bihadanaritaina/video/7435953266262854928?is_from_webapp=1&sender_device=pc&web_id=7409943419302872596,長尺,,60.91,757.0,20.0,0.0,0.0,5.0,0.02642007926,0,0,0.006605019815,4.2,0.06895419471,67.0,23.0,13.0,1.48,0.0,,63.0
2024-11-11 00:00:00,美容探偵,通常,,,ウルラブ使い切り,https://www.tiktok.com/@tantei_cosme/video/7435957677970214152?is_from_webapp=1&sender_device=pc&web_id=7409943419302872596,短尺,,37.78,6269.0,132.0,17.0,0.0,21.0,0.02105598979,0.002711756261,0,0.003349816558,10.5,0.277924828,79.0,45.0,33.0,15.18,4.0,,84.0
2024-11-12 00:00:00,ももそら,通常,,,美白美容液,https://www.tiktok.com/@cosme_daisuki.kaigi/video/7436268543290772754?is_from_webapp=1&sender_device=pc&web_id=7409943419302872596,短尺,,37.38,40126.0,855.0,16.0,15.0,215.0,0.02130788018,0.0003987439565,0.0003738224593,0.005358121916,7.8,0.2086677368,74.0,36.0,29.0,10.93,73.0,,90.0
2024-11-13 00:00:00,ももそら,通常,,,メディキューブPDRN,https://www.tiktok.com/@cosme_daisuki.kaigi/video/7436704182905736456?is_from_webapp=1&sender_device=pc&web_id=7409943419302872596,短尺,,49.7,95456.0,1773.0,28.0,25.0,492.0,0.01857400268,0.0002933288636,0.000261900771,0.005154207174,12.4,0.2494969819,82.0,46.0,34.0,13.01,133.0,,92.0
2024-11-12 00:00:00,コスメ怪獣ちゃん,PR,,,【PR】TIRTIRリップ,https://www.tiktok.com/@cosme_kaiju/video/7436313203086232850?is_from_webapp=1&sender_device=pc&web_id=7409943419302872596,短尺,,32.02,2090.0,53.0,2.0,1.0,16.0,0.02535885167,0.000956937799,0.0004784688995,0.007655502392,7.4,0.231105559,72.0,33.0,22.0,3.69,0.0,,47.0
2024-11-12 00:00:00,ビビちゃん,PR,,,【PR】YADAH,https://www.tiktok.com/@bibichan_cosme/video/7436322156868455698?is_from_webapp=1&sender_device=pc&web_id=7409943419302872596,短尺,,50.62,1639.0,45.0,0.0,0.0,3.0,0.02745576571,0,0,0.001830384381,4.6,0.09087317266,65.0,28.0,15.0,1.8,0.0,,35.0
2024-11-12 00:00:00,モテコスメちゃん,PR,,,【PR】魔女工場,https://www.tiktok.com/@mote_cosme/video/7436312315206651143?is_from_webapp=1&sender_device=pc&web_id=7409943419302872596,短尺,,51.48,1967.0,63.0,2.0,2.0,6.0,0.03202846975,0.001016776817,0.001016776817,0.003050330452,5.1,0.09906759907,62.0,23.0,13.0,2.48,1.0,,45.0
2024-11-12 00:00:00,韓国オンニ,PR,,,【PR】アレンシア,https://www.tiktok.com/@choa_cosme/video/7436266630327323912?is_from_webapp=1&sender_device=pc&web_id=7409943419302872596,短尺,,54.38,16046.0,217.0,4.0,6.0,101.0,0.01352361959,0.0002492833105,0.0003739249657,0.00629440359,10.3,0.1894078705,78.0,43.0,30.0,6.26,5.0,,73.0
2024-11-12 00:00:00,成分オタクちゃん,PR,,,【PR】WERRAGE,https://www.tiktok.com/@seibun_otakuchan/video/7436332041425145095?is_from_webapp=1&sender_device=pc&web_id=7409943419302872596,短尺,,40.82,1765.0,16.0,0.0,3.0,6.0,0.009065155807,0,0.001699716714,0.003399433428,6.8,0.1665850073,66.0,27.0,16.0,3.65,2.0,,47.0
2024-11-12 00:00:00,突撃ちゃん,通常,,,Qoo10メガ割,https://www.tiktok.com/@totsugeki_cosme/video/7436344717475892501?is_from_webapp=1&sender_device=pc&web_id=7409943419302872596,短尺,,42.07,43221.0,612.0,4.0,12.0,283.0,0.01415978344,9.254760417e-05,0.0002776428125,0.006547742995,9.2,0.2186831471,70.0,44.0,32.0,9.22,19.0,,19.0
2024-11-12 00:00:00,美容探偵,PR,,,【PR】TIRTIRリップ,https://www.tiktok.com/@tantei_cosme/video/7436312633025891592?is_from_webapp=1&sender_device=pc&web_id=7409943419302872596,短尺,,50.2,2519.0,55.0,3.0,2.0,4.0,0.02183406114,0.001190948789,0.0007939658595,0.001587931719,6.5,0.1294820717,67.0,29.0,19.0,3.15,0.0,,52.0
2024-11-12 00:00:00,肌コミちゃん,通常,,,メガ割パック,https://www.tiktok.com/@bihadanaritaina/video/7436237126729010448?is_from_webapp=1&sender_device=pc&web_id=7409943419302872596,短尺,,65.46,9110.0,264.0,15.0,17.0,106.0,0.0289791438,0.001646542261,0.001866081229,0.01163556531,11.2,0.171096853,71.0,40.0,29.0,7.21,6.0,,92.0
2024-11-12 00:00:00,肌コミちゃん,通常,,,メガ割2000円以下,https://www.tiktok.com/@bihadanaritaina/video/7436329921464634632?is_from_webapp=1&sender_device=pc&web_id=7409943419302872596,短尺,,59.88,9654.0,176.0,3.0,4.0,46.0,0.01823078517,0.0003107520199,0.0004143360265,0.004764864305,9.3,0.1553106212,68.0,36.0,27.0,9.1,7.0,,92.0
2024-11-13 00:00:00,コスメ怪獣ちゃん,通常,,,リプモン,https://www.tiktok.com/@cosme_kaiju/video/7436679355566230802?is_from_webapp=1&sender_device=pc&web_id=7409943419302872596,短尺,,38.08,24334.0,228.0,6.0,1.0,42.0,0.009369606312,0.0002465685872,4.109476453e-05,0.00172598011,12.0,0.3151260504,84.0,49.0,39.0,11.36,5.0,,92.0
2024-11-13 00:00:00,ビビちゃん,PR,,,【PR】TIRTIR,https://www.tiktok.com/@bibichan_cosme/video/7436687522253540626?is_from_webapp=1&sender_device=pc&web_id=7409943419302872596,長尺,,60.67,34787.0,383.0,8.0,25.0,46.0,0.01100986001,0.0002299709662,0.0007186592693,0.001322333055,3.2,0.05274435471,56.0,15.0,8.0,0.87,38.0,,86.0
2024-11-13 00:00:00,モテコスメちゃん,通常,,,ファンデ比較,https://www.tiktok.com/@mote_cosme/video/7436682730135506184?is_from_webapp=1&sender_device=pc&web_id=7409943419302872596,短尺,,33.37,8519.0,151.0,4.0,3.0,30.0,0.0177250851,0.0004695386782,0.0003521540087,0.003521540087,6.1,0.1827989212,64.0,28.0,20.0,8.55,0.0,,39.0
2024-11-12 00:00:00,韓国オンニ,PR,,,【PR】WELLAGE,https://www.tiktok.com/@choa_cosme/video/7436337923831713031?is_from_webapp=1&sender_device=pc&web_id=7409943419302872596,短尺,,41.47,3583.0,55.0,4.0,3.0,22.0,0.01535026514,0.001116382919,0.0008372871895,0.006140106056,7.1,0.1712081022,71.0,32.0,20.0,5.1,2.0,,47.0
2024-11-13 00:00:00,韓国オンニ,PR,,,【PR】SAM'U,https://www.tiktok.com/@choa_cosme/video/7436682021008690440?is_from_webapp=1&sender_device=pc&web_id=7409943419302872596,短尺,,44.42,7199.0,99.0,5.0,3.0,31.0,0.01375190999,0.0006945409085,0.0004167245451,0.004306153632,7.5,0.1688428636,71.0,39.0,24.0,5.2,5.0,,38.0
2024-11-13 00:00:00,成分オタクちゃん,PR,,,【PR】TRTR,https://www.tiktok.com/@seibun_otakuchan/video/7436686711884729608?is_from_webapp=1&sender_device=pc&web_id=7409943419302872596,短尺,,46.35,1203.0,12.0,0.0,1.0,5.0,0.009975062344,0,0.0008312551953,0.004156275977,4.8,0.1035598706,65.0,25.0,14.0,3.02,1.0,,55.0
2024-11-13 00:00:00,肌コミちゃん,PR,,,【PR】ベネフィーク,https://www.tiktok.com/@bihadanaritaina/video/7436686439745735944?is_from_webapp=1&sender_device=pc&web_id=7409943419302872596,短尺,,49.25,763.0,23.0,1.0,1.0,6.0,0.03014416776,0.00131061599,0.00131061599,0.007863695937,4.3,0.08730964467,62.0,24.0,12.0,2.12,0.0,,61.0
2024-11-13 00:00:00,美容探偵,通常,,,ピアス穴掃除,https://www.tiktok.com/@tantei_cosme/video/7436714368437472530?is_from_webapp=1&sender_device=pc&web_id=7409943419302872596,短尺,,18.32,125631.0,497.0,30.0,26.0,136.0,0.003956029961,0.000238794565,0.0002069552897,0.001082535361,5.9,0.3220524017,82.0,39.0,23.0,14.9,11.0,,98.0
2024-11-14 00:00:00,美容探偵,通常,,,メガ割ファンデ,https://www.tiktok.com/@tantei_cosme/video/7437065136197635346?is_from_webapp=1&sender_device=pc&web_id=7195012036576167425,長尺,,62.74,66418.0,667.0,27.0,6.0,206.0,0.01004245837,0.0004065163058,9.033695685e-05,0.003101568852,9.5,0.1514185528,67.0,38.0,27.0,11.51,17.0,,32.0
2024-11-15 00:00:00,美容探偵,通常,,,ミュアイス下地,https://www.tiktok.com/@tantei_cosme/video/7437435909122968850?is_from_webapp=1&sender_device=pc&web_id=7195012036576167425,短尺,,26.7,166534.0,4698.0,40.0,41.0,2083.0,0.02821045552,0.0002401911922,0.000246195972,0.01250795633,8.6,0.3220973783,84.0,46.0,31.0,14.09,61.0,,96.0
2024-11-14 00:00:00,コスメ怪獣ちゃん,PR,,,【PR】ノエビア,https://www.tiktok.com/@cosme_kaiju/video/7437073926884297991?is_from_webapp=1&sender_device=pc&web_id=7409943419302872596,短尺,,44.37,1330.0,28.0,1.0,1.0,6.0,0.02105263158,0.0007518796992,0.0007518796992,0.004511278195,5.8,0.1307189542,62.0,17.0,8.0,2.43,1.0,,35.0
2024-11-14 00:00:00,ももそら,通常,,,メガ割美容液,https://www.tiktok.com/@cosme_daisuki.kaigi/video/7437083127014509831?is_from_webapp=1&sender_device=pc&web_id=7409943419302872596,長尺,,65.37,139423.0,4060.0,40.0,12.0,866.0,0.02912001607,0.00028689671,8.6069013e-05,0.006211313772,11.7,0.178981184,67.0,38.0,30.0,10.62,193.0,,93.0
2024-11-14 00:00:00,ビビちゃん,PR,,,【PR】ODEROI_確定,https://www.tiktok.com/@bibichan_cosme/video/7437058909262728456?is_from_webapp=1&sender_device=pc&web_id=7409943419302872596,短尺,,40.61,1816.0,42.0,20.0,1.0,13.0,0.0231277533,0.01101321586,0.000550660793,0.007158590308,4.4,0.1083476976,57.0,28.0,15.0,3.11,0.0,,35.0
2024-11-15 00:00:00,ビビちゃん,PR,,,【PR】アレンシア_確定15時,https://www.tiktok.com/@bibichan_cosme/video/7437382105195105544?is_from_webapp=1&sender_device=pc&web_id=7409943419302872596,短尺,,52.94,1734.0,58.0,1.0,3.0,8.0,0.03344867359,0.0005767012687,0.001730103806,0.00461361015,5.2,0.09822440499,70.0,26.0,16.0,2.51,0.0,,39.0
2024-11-16 00:00:00,ビビちゃん,PR,,,【PR】BnD　※20時,https://www.tiktok.com/@bibichan_cosme/video/7437829169406299399?is_from_webapp=1&sender_device=pc&web_id=7409943419302872596,短尺,,38.22,51202.0,1285.0,4.0,1.0,1044.0,0.02509667591,7.812194836e-05,1.953048709e-05,0.02038982852,5.8,0.1517530089,66.0,27.0,17.0,4.39,0.0,,35.0
2024-11-14 00:00:00,モテコスメちゃん,通常,,,スリコリップ,https://www.tiktok.com/@mote_cosme/video/7437068436150193415?is_from_webapp=1&sender_device=pc&web_id=7409943419302872596,短尺,,18.37,33215.0,737.0,23.0,25.0,201.0,0.02218877013,0.0006924582267,0.0007526719855,0.006051482764,7.2,0.391943386,72.0,44.0,31.0,17.73,5.0,,52.0
2024-11-15 00:00:00,モテコスメちゃん,通常,,,飲み会リップ,https://www.tiktok.com/@mote_cosme/video/7437434884550905106?is_from_webapp=1&sender_device=pc&web_id=7409943419302872596,短尺,,29.67,15843.0,187.0,20.0,0.0,35.0,0.01180332008,0.001262387174,0,0.002209177555,6.4,0.2157061004,66.0,33.0,23.0,8.21,3.0,,26.0
2024-11-14 00:00:00,韓国オンニ,PR,,,【PR】UIQ,https://www.tiktok.com/@choa_cosme/video/7437054744708812039?is_from_webapp=1&sender_device=pc&web_id=7409943419302872596,短尺,,53.8,2001.0,36.0,8.0,3.0,15.0,0.0179910045,0.003998001,0.001499250375,0.007496251874,6.0,0.1115241636,68.0,32.0,20.0,3.04,1.0,,31.0
2024-11-15 00:00:00,韓国オンニ,PR,,,【PR】CosDeBAHA_確定,https://www.tiktok.com/@choa_cosme/video/7437434488742890760?is_from_webapp=1&sender_device=pc&web_id=7409943419302872596,短尺,,47.97,5817.0,53.0,1.0,1.0,7.0,0.009111225718,0.0001719099192,0.0001719099192,0.001203369434,7.2,0.1500938086,65.0,33.0,24.0,4.67,2.0,,15.0
2024-11-16 00:00:00,韓国オンニ,PR,,,【PR】メープル毛穴バリア_確定,https://www.tiktok.com/@choa_cosme/video/7437799467882990866?is_from_webapp=1&sender_device=pc&web_id=7409943419302872596,短尺,,47.11,2783.0,53.0,3.0,0.0,14.0,0.01904419691,0.00107797341,0,0.00503054258,7.3,0.1549564848,70.0,39.0,26.0,4.65,0.0,,30.0
2024-11-14 00:00:00,成分オタクちゃん,PR,,,【PR】クレンジング検証,https://www.tiktok.com/@seibun_otakuchan/video/7437059346045029650?is_from_webapp=1&sender_device=pc&web_id=7409943419302872596,短尺,,45.49,141269.0,296.0,13.0,4.0,18.0,0.002095293376,9.202301991e-05,2.831477536e-05,0.0001274164891,3.0,0.06594856012,45.0,11.0,8.0,1.05,36.0,,96.0
2024-11-15 00:00:00,成分オタクちゃん,通常,,,メガ割美容液,https://www.tiktok.com/@seibun_otakuchan/video/7437459303985974546?is_from_webapp=1&sender_device=pc&web_id=7409943419302872596,短尺,,59.12,19500.0,209.0,6.0,3.0,63.0,0.01071794872,0.0003076923077,0.0001538461538,0.003230769231,11.7,0.197902571,68.0,38.0,28.0,11.06,5.0,,67.0
2024-11-14 00:00:00,突撃ちゃん,PR,,,【PR】ETUDE,https://www.tiktok.com/@totsugeki_cosme/video/7437071358640524564?is_from_webapp=1&sender_device=pc&web_id=7409943419302872596,短尺,,36.04,26695.0,99.0,1.0,2.0,7.0,0.003708559655,3.746019854e-05,7.492039708e-05,0.0002622213898,1.9,0.05271920089,40.0,9.0,4.0,0.64,10.0,,97.0
2024-11-15 00:00:00,突撃ちゃん,PR,,,【PR】BnD,https://www.tiktok.com/@totsugeki_cosme/video/7437472130658225415?is_from_webapp=1&sender_device=pc&web_id=7409943419302872596,短尺,,39.33,33158.0,2948.0,6.0,0.0,676.0,0.08890765426,0.0001809518065,0,0.02038723687,39.33,1,57.0,26.0,16.0,2.59,0.0,,16.0
2024-11-16 00:00:00,突撃ちゃん,通常,,,メガ割クリスマスコフレ,https://www.tiktok.com/@totsugeki_cosme/video/7437688144625011986?is_from_webapp=1&sender_device=pc&web_id=7409943419302872596,短尺,,29.95,8957.0,93.0,3.0,1.0,32.0,0.01038294072,0.0003349335715,0.0001116445238,0.003572624763,4.7,0.1569282137,58.0,28.0,18.0,7.6,1.0,,17.0
2024-11-16 00:00:00,突撃ちゃん,通常,,,doveスクラブ,https://www.tiktok.com/@totsugeki_cosme/video/7437820308637207829?is_from_webapp=1&sender_device=pc&web_id=7409943419302872596,短尺,,25.82,4956.0,106.0,3.0,4.0,48.0,0.0213882163,0.0006053268765,0.000807102502,0.009685230024,7.7,0.2982184353,73.0,39.0,30.0,12.59,3.0,,82.0
2024-11-14 00:00:00,肌コミちゃん,PR,,,【PR】アレンシアA,https://www.tiktok.com/@bihadanaritaina/video/7437060188823194887?is_from_webapp=1&sender_device=pc&web_id=7409943419302872596,短尺,,52.85,2071.0,41.0,7.0,1.0,11.0,0.01979719942,0.003380009657,0.0004828585225,0.005311443747,6.5,0.1229895932,70.0,35.0,20.0,3.05,0.0,,33.0
2024-11-15 00:00:00,肌コミちゃん,PR,,,【PR】ILSO,https://www.tiktok.com/@bihadanaritaina/video/7437426632899464456?is_from_webapp=1&sender_device=pc&web_id=7409943419302872596,短尺,,53.68,1349.0,46.0,1.0,0.0,8.0,0.03409933284,0.0007412898443,0,0.005930318755,6.0,0.1117734724,64.0,30.0,18.0,2.55,0.0,,56.0
2024-11-17 00:00:00,ビビちゃん,通常,,,プラザ3選,https://www.tiktok.com/@bibichan_cosme/video/7438174799987264776?is_from_webapp=1&sender_device=pc&web_id=7409943419302872596,短尺,,32.88,10585.0,158.0,10.0,4.0,34.0,0.01492678318,0.0009447331129,0.0003778932452,0.003212092584,9.2,0.2798053528,72.0,47.0,35.0,10.16,3.0,,64.0
2024-11-17 00:00:00,韓国オンニ,PR,,,【PR】LUNA下地,https://www.tiktok.com/@choa_cosme/video/7438170676797787410?is_from_webapp=1&sender_device=pc&web_id=7409943419302872596,短尺,,59.28,2283.0,50.0,6.0,0.0,19.0,0.02190100745,0.002628120894,0,0.00832238283,6.6,0.1113360324,59.0,33.0,18.0,3.08,0.0,,44.0
2024-11-17 00:00:00,突撃ちゃん,通常,,,キャンメイク隠れ名品3選,https://www.tiktok.com/@seibun_otakuchan/video/7438563969150848274?is_from_webapp=1&sender_device=pc&web_id=7409943419302872596,短尺,,32.11,28863.0,697.0,9.0,5.0,169.0,0.02414856391,0.0003118178983,0.0001732321657,0.005855247202,11.2,0.3488009966,78.0,50.0,41.0,17.73,16.0,,90.0
2024-11-18 00:00:00,ももそら,通常,,,トリデン美容液,https://www.tiktok.com/@cosme_daisuki.kaigi/video/7438544333164285192?is_from_webapp=1&sender_device=pc&web_id=7409943419302872596,長尺,,61.37,123088.0,1524.0,76.0,6.0,271.0,0.01238138568,0.00061744443,4.874561289e-05,0.002201676849,11.6,0.1890174352,78.0,38.0,32.0,6.14,131.0,,94.0
2024-11-18 00:00:00,コスメ怪獣ちゃん,通常,,,キャンメイクピンクチーク,https://www.tiktok.com/@cosme_kaiju/video/7438551310334496007?is_from_webapp=1&sender_device=pc&web_id=7409943419302872596,短尺,,19.55,43779.0,1219.0,10.0,13.0,255.0,0.02784440028,0.0002284200187,0.0002969460243,0.005824710478,7.6,0.3887468031,75.0,44.0,33.0,9.01,10.0,,50.0
2024-11-19 00:00:00,コスメ怪獣ちゃん,通常,,,メンソレータム,https://www.tiktok.com/@cosme_kaiju/video/7438910066180328711?is_from_webapp=1&sender_device=pc&web_id=7409943419302872596,短尺,,16.65,2208.0,80.0,9.0,11.0,26.0,0.03623188406,0.004076086957,0.004981884058,0.01177536232,5.7,0.3423423423,67.0,31.0,24.0,14.86,2.0,,49.0
2024-11-18 00:00:00,ビビちゃん,通常,,,ロムアンドアイシャドウ,https://www.tiktok.com/@bibichan_cosme/video/7438559939259354375?is_from_webapp=1&sender_device=pc&web_id=7409943419302872596,短尺,,13.0,3670.0,108.0,9.0,17.0,21.0,0.02942779292,0.002452316076,0.004632152589,0.005722070845,4.4,0.3384615385,66.0,30.0,20.0,14.999,2.0,,58.0
2024-11-18 00:00:00,モテコスメちゃん,通常,,,ウォンジョンヨ、ロムアンド、しぴしぴ,https://www.tiktok.com/@mote_cosme/video/7438541272211623175?is_from_webapp=1&sender_device=pc&web_id=7409943419302872596,長尺,,60.72,10613.0,476.0,27.0,4.0,95.0,0.04485065486,0.00254404975,0.0003768962593,0.008951286158,10.8,0.1778656126,76.0,40.0,30.0,6.59,7.0,,78.0
2024-11-18 00:00:00,韓国オンニ,通常,,,ウォンジョンヨ新先,https://www.tiktok.com/@choa_cosme/video/7438539125524811026?is_from_webapp=1&sender_device=pc&web_id=7409943419302872596,短尺,,33.18,39074.0,686.0,11.0,3.0,132.0,0.01755643139,0.0002815171214,7.677739673e-05,0.003378205456,10.0,0.3013863773,74.0,47.0,35.0,13.48,16.0,,95.0
2024-11-18 00:00:00,成分オタクちゃん,通常,,,ナンバーズイン美容液,https://www.tiktok.com/@seibun_otakuchan/video/7438459803631897864?is_from_webapp=1&sender_device=pc&web_id=7409943419302872596,短尺,,32.111,31628.0,534.0,43.0,4.0,106.0,0.01688377387,0.001359554825,0.0001264702163,0.003351460731,9.8,0.3051913674,81.0,47.0,33.0,14.95,20.0,,87.0
2024-11-18 00:00:00,成分オタクちゃん,通常,,,Anuaアゼライン酸15%%,https://www.tiktok.com/@seibun_otakuchan/video/7438563969150848274?is_from_webapp=1&sender_device=pc&web_id=7409943419302872596,短尺,,20.18,207996.0,5082.0,74.0,48.0,1121.0,0.02443316218,0.0003557760726,0.0002307736687,0.005389526722,9.3,0.460852329,80.0,50.0,42.0,20.93,73.0,,95.0
2024-11-18 00:00:00,肌コミちゃん,通常,,,セザンヌファンデお,https://www.tiktok.com/@bihadanaritaina/video/7438542540392910097?is_from_webapp=1&sender_device=pc&web_id=7409943419302872596,短尺,,21.87,8930.0,84.0,21.0,4.0,29.0,0.009406494961,0.00235162374,0.0004479283315,0.003247480403,8.5,0.3886602652,82.0,41.0,31.0,14.82,2.0,,86.0
2024-11-18 00:00:00,美容探偵,通常,,,トリデン青検証,https://www.tiktok.com/@tantei_cosme/video/7438542171235454216?is_from_webapp=1&sender_device=pc&web_id=7409943419302872596,短尺,,30.11,16100.0,139.0,22.0,1.0,22.0,0.008633540373,0.001366459627,6.211180124e-05,0.001366459627,30.11,1,77.0,45.0,36.0,15.92,5.0,,85.0
2024-11-19 00:00:00,ビビちゃん,通常,,,ウォンジョンヨ3選,https://www.tiktok.com/@bibichan_cosme/video/7438924173071764743?is_from_webapp=1&sender_device=pc&web_id=7409943419302872596,短尺,,26.93,7100.0,162.0,7.0,14.0,36.0,0.02281690141,0.000985915493,0.001971830986,0.005070422535,6.9,0.2562198292,71.0,39.0,26.0,10.64,4.0,,74.0
2024-11-19 00:00:00,肌コミちゃん,通常,,,無印オールインワン,https://www.tiktok.com/@bihadanaritaina/video/7438929136879504661?is_from_webapp=1&sender_device=pc&web_id=7409943419302872596,短尺,,22.27,6965.0,79.0,4.0,2.0,9.0,0.01134242642,0.0005743000718,0.0002871500359,0.001292175162,8.9,0.3996407723,65.0,40.0,32.0,14.07,3.0,,22.0
2024-11-20 00:00:00,美容探偵,通常,,,美容液比較,https://www.tiktok.com/@tantei_cosme/video/7438542171235454216?is_from_webapp=1&sender_device=pc&web_id=7409943419302872596,短尺,,27.89,8693.0,101.0,6.0,0.0,21.0,0.01161854366,0.0006902105142,0,0.0024157368,7.6,0.2724991036,70.0,36.0,25.0,12.86,3.0,,28.0
2024-11-21 00:00:00,美容探偵,通常,,,飲み会リップ,https://www.tiktok.com/@tantei_cosme/video/7438542171235454216?is_from_webapp=1&sender_device=pc&web_id=7409943419302872597,短尺,,30.67,13796.0,120.0,6.0,1.0,20.0,0.008698173384,0.0004349086692,7.24847782e-05,0.001449695564,7.2,0.2347570916,77.0,36.0,24.0,6.76,2.0,,86.0
2024-11-20 00:00:00,ももそら,通常,,,メガ割スキンケア,https://www.tiktok.com/@cosme_daisuki.kaigi/video/7439358817160236296?is_from_webapp=1&sender_device=pc&web_id=7409943419302872596,長尺,,89.12,22251.0,372.0,7.0,5.0,67.0,0.01671834974,0.0003145926026,0.0002247090018,0.003011100625,11.8,0.1324057451,64.0,37.0,28.0,11.8,22.0,,77.0
2024-11-21 00:00:00,ももそら,通常,,,メガ割コスメ,https://www.tiktok.com/@cosme_daisuki.kaigi/video/7439678503416614152?is_from_webapp=1&sender_device=pc&web_id=7409943419302872596,長尺,,81.25,29318.0,552.0,11.0,2.0,99.0,0.01882802374,0.0003751961252,6.821747732e-05,0.003376765127,14.4,0.1772307692,71.0,45.0,34.0,10.66,58.0,,83.0
2024-11-20 00:00:00,コスメ怪獣ちゃん,通常,,,リプもんツヤバース,https://www.tiktok.com/@cosme_kaiju/video/7439277991487671570?is_from_webapp=1&sender_device=pc&web_id=7409943419302872596,短尺,,18.5,9511.0,107.0,7.0,1.0,26.0,0.01125013143,0.0007359899064,0.0001051414152,0.002733676795,6.1,0.3297297297,73.0,35.0,24.0,13.8,1.0,,51.0
2024-11-21 00:00:00,コスメ怪獣ちゃん,PR,,,【PR】メガ割毛穴ケア,https://www.tiktok.com/@cosme_kaiju/video/7439647388890975506?is_from_webapp=1&sender_device=pc&web_id=7409943419302872596,短尺,,59.28,38250.0,74.0,5.0,0.0,18.0,0.001934640523,0.0001307189542,0,0.0004705882353,2.2,0.0371120108,43.0,9.0,4.0,0.56,8.0,,94.0
2024-11-22 00:00:00,コスメ怪獣ちゃん,通常,,,ミュアイスクマ隠し,https://www.tiktok.com/@cosme_kaiju/video/7440029026111999240?is_from_webapp=1&sender_device=pc&web_id=7409943419302872596,短尺,,25.82,35178.0,539.0,11.0,17.0,250.0,0.0153220763,0.0003126954346,0.0004832565808,0.007106714424,9.4,0.3640588691,84.0,48.0,34.0,14.07,6.0,,91.0
2024-11-21 00:00:00,成分オタクちゃん,通常,,,化粧水3選,https://www.tiktok.com/@seibun_otakuchan/video/7439688394428517633?is_from_webapp=1&sender_device=pc&web_id=7409943419302872596,短尺,,41.91,9166.0,101.0,11.0,0.0,26.0,0.0110189832,0.001200087279,0,0.002836569932,8.8,0.2099737533,68.0,36.0,26.0,10.0,7.0,,53.0
2024-11-23 00:00:00,成分オタクちゃん,通常,,,Anuaダークスポット,https://www.tiktok.com/@seibun_otakuchan/video/7440434697395588372?is_from_webapp=1&sender_device=pc&web_id=7409943419302872596,短尺,,32.97,54773.0,603.0,13.0,6.0,129.0,0.01100907381,0.0002373432165,0.000109543023,0.002355174995,10.8,0.3275705187,83.0,56.0,40.0,19.33,31.0,,93.0
2024-11-23 00:00:00,成分オタクちゃん,通常,,,Anuaクレンジングオイル,https://www.tiktok.com/@seibun_otakuchan/video/7440474341055204625?is_from_webapp=1&sender_device=pc&web_id=7409943419302872596,短尺,,17.44,87061.0,1159.0,22.0,12.0,261.0,0.01331250503,0.0002526963853,0.000137834392,0.002997898026,7.3,0.4185779817,83.0,55.0,42.0,15.27,18.0,,97.0
2024-11-21 00:00:00,韓国オンニ,通常,,,フォレンコスリップ,https://vt.tiktok.com/ZSjCfKupA/,短尺,,47.37,56431.0,1274.0,19.0,12.0,248.0,0.02257624355,0.0003366943701,0.0002126490759,0.004394747568,11.3,0.238547604,77.0,44.0,30.0,16.68,11.0,,72.0
2024-11-21 00:00:00,肌コミちゃん,通常,,,ダブスクラブ,https://www.tiktok.com/@bihadanaritaina/video/7439602453315587345?is_from_webapp=1&sender_device=pc&web_id=7409943419302872596,短尺,,29.77,87651.0,1759.0,36.0,9.0,252.0,0.02006822512,0.0004107197864,0.0001026799466,0.002875038505,10.1,0.3392677192,81.0,50.0,40.0,14.9,26.0,,98.0
2024-11-21 00:00:00,肌コミちゃん,通常,,,乾燥さんファンデ,https://www.tiktok.com/@bihadanaritaina/video/7439683902475619602?is_from_webapp=1&sender_device=pc&web_id=7409943419302872596,短尺,,25.15,136527.0,2014.0,29.0,21.0,558.0,0.01475166084,0.0002124121969,0.0001538157288,0.00408710365,7.9,0.3141153082,77.0,41.0,30.0,12.88,16.0,,97.0
2024-11-20 00:00:00,ビビちゃん,PR,,,【PR】WAKEMAKEホリデーセット,https://www.tiktok.com/@bibichan_cosme/video/7439291897476074759?is_from_webapp=1&sender_device=pc&web_id=7409943419302872596,長尺,,60.19,2107.0,57.0,7.0,1.0,4.0,0.02705268154,0.003322259136,0.000474608448,0.001898433792,6.0,0.09968433295,61.0,27.0,17.0,3.06,0.0,,43.0
2024-11-22 00:00:00,ビビちゃん,PR,,,【PR】リーゼヘアオイル,https://www.tiktok.com/@bibichan_cosme/video/7440033653733936402?is_from_webapp=1&sender_device=pc&web_id=7409943419302872596,短尺,,34.27,2077.0,67.0,0.0,2.0,14.0,0.03225806452,0,0.000962927299,0.006740491093,4.5,0.1313101838,64.0,31.0,20.0,2.48,0.0,,33.0
2024-11-21 00:00:00,モテコスメちゃん,通常,,,スリーコインズ3選,https://www.tiktok.com/@mote_cosme/video/7439649596801813767?is_from_webapp=1&sender_device=pc&web_id=7409943419302872596,短尺,,44.0,77588.0,735.0,8.0,9.0,225.0,0.009473114399,0.0001031087282,0.0001159973192,0.002899932979,12.5,0.2840909091,81.0,57.0,40.0,12.17,28.0,,92.0
2024-11-22 00:00:00,モテコスメちゃん,PR,,,【PR】リーゼヘアオイル,https://www.tiktok.com/@mote_cosme/video/7440033450523970823?is_from_webapp=1&sender_device=pc&web_id=7409943419302872596,短尺,,38.85,2102.0,83.0,4.0,2.0,17.0,0.03948620362,0.001902949572,0.0009514747859,0.00808753568,4.5,0.1158301158,65.0,26.0,17.0,2.58,0.0,,40.0
2024-11-21 00:00:00,突撃ちゃん,通常,,,クロエ風携帯ミスト,https://www.tiktok.com/@totsugeki_cosme/video/7439646837620903185?is_from_webapp=1&sender_device=pc&web_id=7409943419302872596,短尺,,20.5,33548.0,438.0,17.0,32.0,202.0,0.01305591988,0.0005067366162,0.0009538571599,0.006021223322,6.4,0.312195122,74.0,34.0,25.0,12.95,16.0,,95.0
2024-11-22 00:00:00,突撃ちゃん,通常,,,プチプラ神パック6選,https://www.tiktok.com/@totsugeki_cosme/video/7439907266867793173?is_from_webapp=1&sender_device=pc&web_id=7409943419302872596,短尺,,57.62,62030.0,756.0,7.0,11.0,296.0,0.01218765114,0.0001128486216,0.0001773335483,0.004771884572,10.8,0.1874349184,76.0,38.0,29.0,10.07,29.0,,97.0
2024-11-22 00:00:00,美容探偵,PR,,,【PR】リーゼヘアオイル,https://www.tiktok.com/@tantei_cosme/video/7440033070612253959?is_from_webapp=1&sender_device=pc&web_id=7409943419302872596,短尺,,39.82,1189.0,25.0,1.0,2.0,13.0,0.02102607233,0.0008410428932,0.001682085786,0.01093355761,4.3,0.1079859367,67.0,22.0,12.0,3.73,0.0,,54.0
2024-11-25 00:00:00,ももそら,通常,,,TIRTIRティント,https://www.tiktok.com/@cosme_daisuki.kaigi/video/7441162905564876050?is_from_webapp=1&sender_device=pc&web_id=7409943419302872596,長尺,,58.0,51964.0,718.0,20.0,6.0,94.0,0.0138172581,0.0003848818413,0.0001154645524,0.001808944654,12.0,0.2068965517,80.0,44.0,35.0,7.57,78.0,,95.6
2024-11-26 00:00:00,コスメ怪獣ちゃん,通常,,,Anua美容液,https://www.tiktok.com/@cosme_kaiju/video/7441503586103659783?is_from_webapp=1&sender_device=pc&web_id=7409943419302872596,短尺,,35.55,91007.0,1462.0,43.0,11.0,235.0,0.01606469832,0.0004724911271,0.0001208698232,0.00258221895,11.0,0.3094233474,77.0,49.0,38.0,15.62,21.0,,98.0
2024-11-24 00:00:00,ビビちゃん,通常,,,セザンヌパウダー,https://www.tiktok.com/@bibichan_cosme/video/7440778353147268370?is_from_webapp=1&sender_device=pc&web_id=7409943419302872596,短尺,,14.35,9577.0,183.0,3.0,5.0,49.0,0.01910828025,0.000313250496,0.00052208416,0.005116424768,5.1,0.3554006969,69.0,34.0,23.0,13.51,3.0,,84.0
2024-11-25 00:00:00,モテコスメちゃん,PR,,,【PR】&be,https://www.tiktok.com/@mote_cosme/video/7441141372381367570?is_from_webapp=1&sender_device=pc&web_id=7409943419302872596,短尺,,43.14,39635.0,95.0,20.0,2.0,15.0,0.002396871452,0.0005046045162,5.046045162e-05,0.0003784533872,2.6,0.06026889198,51.0,10.0,6.0,1.26,3.0,,98.0
2024-11-24 00:00:00,成分オタクちゃん,通常,,,殿堂入りクリーム,https://www.tiktok.com/@seibun_otakuchan/video/7440723905351830792?is_from_webapp=1&sender_device=pc&web_id=7409943419302872596,短尺,,44.35,9290.0,112.0,9.0,7.0,39.0,0.01205597417,0.0009687836383,0.0007534983854,0.004198062433,10.3,0.2322435175,72.0,39.0,30.0,10.95,3.0,,70.0
2024-11-24 00:00:00,成分オタクちゃん,通常,,,トリデン青美容液,https://www.tiktok.com/@seibun_otakuchan/video/7440847331873934600?is_from_webapp=1&sender_device=pc&web_id=7409943419302872596,短尺,,21.15,6942.0,56.0,6.0,4.0,16.0,0.008066839528,0.0008643042351,0.0005762028234,0.002304811294,6.5,0.3073286052,80.0,42.0,26.0,11.11,1.0,,84.0
2024-11-25 00:00:00,成分オタクちゃん,通常,,,ナンバーズイン美容液,https://www.tiktok.com/@seibun_otakuchan/video/7441161650658430229?is_from_webapp=1&sender_device=pc&web_id=7409943419302872596,短尺,,18.88,10611.0,121.0,16.0,6.0,29.0,0.01140326077,0.001507869192,0.0005654509471,0.002733012911,7.3,0.3866525424,82.0,48.0,35.0,17.39,7.0,,89.0
2024-11-25 00:00:00,突撃ちゃん,通常,,,"3,000円誕プレ",https://www.tiktok.com/@totsugeki_cosme/video/7441144665853742337?is_from_webapp=1&sender_device=pc&web_id=7409943419302872596,短尺,,30.07,35184.0,795.0,13.0,1.0,203.0,0.02259549795,0.0003694861301,2.842201e-05,0.005769668031,7.5,0.2494180246,74.0,40.0,28.0,13.41,9.0,,98.0
2024-11-22 00:00:00,肌コミちゃん,PR,,,【PR】JM solution,https://www.tiktok.com/@bihadanaritaina/video/7440028478591765768?is_from_webapp=1&sender_device=pc&web_id=7409943419302872596,短尺,,48.72,1157.0,29.0,0.0,0.0,4.0,0.02506482282,0,0,0.00345721694,6.0,0.1231527094,70.0,27.0,17.0,4.36,1.0,,47.0
2024-11-23 00:00:00,肌コミちゃん,PR,,,【PR】アゼライン酸パック,https://www.tiktok.com/@bihadanaritaina/video/7440400709406821652?is_from_webapp=1&sender_device=pc&web_id=7409943419302872596,短尺,,42.45,31499.0,123.0,1.0,1.0,12.0,0.003904885869,3.174703959e-05,3.174703959e-05,0.0003809644751,7.1,0.1672555948,86.0,52.0,30.0,4.27,1.0,,98.0
2024-11-24 00:00:00,肌コミちゃん,通常,,,マツキヨミスト化粧水,https://www.tiktok.com/@bihadanaritaina/video/7440745650427317520?is_from_webapp=1&sender_device=pc&web_id=7409943419302872596,短尺,,23.68,6794.0,111.0,2.0,6.0,33.0,0.01633794525,0.0002943773918,0.0008831321754,0.004857226965,5.7,0.2407094595,76.0,35.0,24.0,8.57,2.0,,90.0
2024-11-24 00:00:00,肌コミちゃん,通常,,,ミュアイスエクセル比較,https://www.tiktok.com/@bihadanaritaina/video/7440808854402747669?is_from_webapp=1&sender_device=pc&web_id=7409943419302872596,短尺,,30.07,22619.0,283.0,2.0,1.0,138.0,0.01251160529,8.842123878e-05,4.421061939e-05,0.006101065476,8.0,0.2660458929,84.0,43.0,27.0,10.59,8.0,,94.0
2024-11-26 00:00:00,モテコスメちゃん,通常,,,muiceクマ消しパウダー,https://www.tiktok.com/@mote_cosme/video/7441514650434309383?is_from_webapp=1&sender_device=pc&web_id=7409943419302872596,短尺,,17.6,3430.0,141.0,12.0,3.0,39.0,0.04110787172,0.003498542274,0.0008746355685,0.01137026239,4.9,0.2784090909,70.0,35.0,22.0,8.04,0.0,,62.6
2024-11-26 00:00:00,韓国オンニ,通常,,,コンシーラー3選,https://www.tiktok.com/@choa_cosme/video/7441517825572850951?is_from_webapp=1&sender_device=pc&web_id=7409943419302872596,短尺,,35.78,163051.0,4496.0,50.0,50.0,2232.0,0.02757419458,0.0003066525198,0.0003066525198,0.01368896848,9.3,0.259921744,75.0,37.0,29.0,13.65,59.0,,98.0
2024-11-28 00:00:00,ももそら,通常,,,脂性肌向きファンデ,https://www.tiktok.com/@cosme_daisuki.kaigi/video/7442270754273545490?is_from_webapp=1&sender_device=pc&web_id=7409943419302872596,短尺,,40.52,21287.0,394.0,12.0,0.0,96.0,0.01850894912,0.0005637243388,0,0.00450979471,8.3,0.2048371175,75.0,36.0,29.0,7.78,14.0,,95.6
2024-11-26 00:00:00,成分オタクちゃん,通常,,,Anua桃美容液,https://www.tiktok.com/@seibun_otakuchan/video/7441601399575579912?is_from_webapp=1&sender_device=pc&web_id=7409943419302872596,短尺,,32.44,10033.0,130.0,8.0,3.0,23.0,0.0129572411,0.0007973686833,0.0002990132563,0.002292434965,10.5,0.323674476,81.0,59.0,37.0,13.27,3.0,,92.0
2024-11-26 00:00:00,突撃ちゃん,通常,,,乾燥しない下地,https://www.tiktok.com/@totsugeki_cosme/video/7441506703704739079?is_from_webapp=1&sender_device=pc&web_id=7409943419302872596,短尺,,29.72,24368.0,568.0,16.0,5.0,177.0,0.02330925804,0.0006565988181,0.0002051871307,0.007263624425,8.5,0.2860026918,75.0,42.0,30.0,15.53,10.0,,97.0
2024-11-26 00:00:00,肌コミちゃん,通常,,,マツキヨ化粧水,https://www.tiktok.com/@bihadanaritaina/video/7441518473575992584?is_from_webapp=1&sender_device=pc&web_id=7409943419302872596,短尺,,25.4,10354.0,110.0,30.0,2.0,51.0,0.01062391346,0.002897430945,0.000193162063,0.004925632606,6.1,0.2401574803,77.0,34.0,24.0,8.67,4.0,,94.0
2024-11-26 00:00:00,美容探偵,通常,,,プチプラ下地検証,https://www.tiktok.com/@tantei_cosme/video/7441515539970690322?is_from_webapp=1&sender_device=pc&web_id=7409943419302872596,短尺,,32.13,11794.0,192.0,22.0,0.0,61.0,0.01627946413,0.001865355265,0,0.005172121418,8.8,0.2738873327,77.0,40.0,28.0,14.84,1.0,,95.0
2024-11-27 00:00:00,成分オタクちゃん,通常,,,イニスフリー美容液,https://www.tiktok.com/@seibun_otakuchan/video/7441873313053297938?is_from_webapp=1&sender_device=pc&web_id=7409943419302872596,短尺,,16.97,3873.0,39.0,4.0,0.0,9.0,0.0100697134,0.001032791118,0,0.002323780015,4.8,0.2828520919,76.0,30.0,20.0,9.77,1.0,,81.0
2024-11-27 00:00:00,韓国オンニ,通常,,,エスパアイシャドウ,https://vt.tiktok.com/ZSjqtVUtG/,短尺,,20.02,200260.0,11000.0,22.0,67.0,5459.0,0.05492859283,0.0001098571857,0.0003345650654,0.02725956257,8.2,0.4095904096,80.0,47.0,34.0,19.67,114.0,,98.0
2024-11-28 00:00:00,コスメ怪獣ちゃん,通常,,,フォレンコススリップ,https://www.tiktok.com/@cosme_kaiju/video/7442240840698711303?is_from_webapp=1&sender_device=pc&web_id=7409943419302872596,短尺,,,,,,,,,,,,,,,,,,,,
2024-11-29 00:00:00,コスメ怪獣ちゃん,通常,,,CLIOアイシャドウ,https://www.tiktok.com/@cosme_kaiju/video/7442628270979304712?is_from_webapp=1&sender_device=pc&web_id=7409943419302872596,短尺,,12.91,242338.0,4355.0,12.0,42.0,1905.0,0.0179707681,4.951761589e-05,0.0001733116556,0.007860921523,6.5,0.50348567,78.0,48.0,36.0,17.06,83.0,,98.8
2024-11-27 00:00:00,ビビちゃん,通常,,,ボディクリームまとめ,https://www.tiktok.com/@bibichan_cosme/video/7441872403287772424?is_from_webapp=1&sender_device=pc&web_id=7409943419302872596,短尺,,27.07,3756.0,79.0,8.0,4.0,14.0,0.02103301384,0.002129925453,0.001064962726,0.003727369542,6.1,0.2253417067,63.0,32.0,22.0,9.01,0.0,,77.3
2024-11-29 00:00:00,ビビちゃん,通常,,,Anua美容液組み合わせ,https://www.tiktok.com/@bibichan_cosme/video/7442642685501984018?is_from_webapp=1&sender_device=pc&web_id=7409943419302872596,短尺,,31.65,22740.0,773.0,19.0,4.0,319.0,0.03399296394,0.000835532102,0.0001759014952,0.01402814424,8.8,0.2780410742,69.0,40.0,30.0,18.98,20.0,,93.0
2024-11-27 00:00:00,モテコスメちゃん,通常,,,DAISO神グッズ3選,https://www.tiktok.com/@mote_cosme/video/7441891580874591496?is_from_webapp=1&sender_device=pc&web_id=7409943419302872596,長尺,,60.88,48258.0,1994.0,34.0,30.0,475.0,0.04131957396,0.0007045463965,0.0006216585851,0.009842927597,16.9,0.2775952694,76.0,53.0,43.0,14.11,35.0,,91.5
2024-11-28 00:00:00,モテコスメちゃん,通常,,,デパコス比較画像投稿,https://www.tiktok.com/@mote_cosme/photo/7442238395843235080?is_from_webapp=1&sender_device=pc&web_id=7409943419302872596,短尺,,-,55034.0,2211.0,26.0,9.0,879.0,0.04017516444,0.0004724352219,0.0001635352691,0.01597194462,-,-%,100.0,32.24,-,-,24.0,,68.7
2024-11-29 00:00:00,モテコスメちゃん,通常,,,WHOMEEコンシーラー,https://www.tiktok.com/@mote_cosme/video/7442630670322568456?is_from_webapp=1&sender_device=pc&web_id=7409943419302872596,短尺,,20.43,30988.0,589.0,13.0,2.0,145.0,0.01900735769,0.0004195172325,6.454111269e-05,0.00467923067,7.0,0.3426333823,84.0,49.0,31.0,9.33,7.0,,87.9
2024-11-28 00:00:00,成分オタクちゃん,通常,,,Anua化粧水,https://www.tiktok.com/@seibun_otakuchan/video/7442300053449903368?is_from_webapp=1&sender_device=pc&web_id=7409943419302872596,短尺,,21.71,10208.0,130.0,7.0,1.0,17.0,0.01273510972,0.0006857366771,9.796238245e-05,0.001665360502,6.9,0.3178258867,77.0,44.0,33.0,13.64,1.0,,94.8
2024-11-29 00:00:00,成分オタクちゃん,通常,,,トリデンオレンジ美容液,https://www.tiktok.com/@seibun_otakuchan/video/7442649296182250760?is_from_webapp=1&sender_device=pc&web_id=7409943419302872596,短尺,,22.92,15528.0,136.0,6.0,0.0,29.0,0.008758371973,0.0003863987635,0,0.001867594024,7.9,0.3446771379,79.0,41.0,31.0,12.47,10.0,,94.3
2024-11-27 00:00:00,突撃ちゃん,通常,,,プチプラ神コスメ3選,https://www.tiktok.com/@totsugeki_cosme/video/7441881021949152520?is_from_webapp=1&sender_device=pc&web_id=7409943419302872596,短尺,,43.44,28571.0,664.0,5.0,12.0,375.0,0.02324034861,0.000175002625,0.0004200063001,0.01312519688,16.7,0.3844383057,87.0,53.0,41.0,23.28,17.0,,97.4
2024-11-28 00:00:00,突撃ちゃん,通常,,,Anuaアゼライン酸15%,https://www.tiktok.com/@totsugeki_cosme/video/7442265287006686465?is_from_webapp=1&sender_device=pc&web_id=7409943419302872596,短尺,,24.22,8655.0,81.0,1.0,0.0,14.0,0.009358752166,0.0001155401502,0,0.001617562103,7.8,0.3220478943,78.0,42.0,32.0,19.98,4.0,,97.7
2024-11-28 00:00:00,肌コミちゃん,通常,,,Curel保湿クリーム,https://www.tiktok.com/@bihadanaritaina/video/7442281041865231637?is_from_webapp=1&sender_device=pc&web_id=7409943419302872596,短尺,,24.57,12311.0,119.0,12.0,1.0,27.0,0.009666152222,0.0009747380392,8.122816993e-05,0.002193160588,5.3,0.2157102157,70.0,34.0,22.0,7.93,0.0,,93.8
2024-11-29 00:00:00,肌コミちゃん,通常,,,KATEクッションファンデ,https://www.tiktok.com/@bihadanaritaina/video/7442620783714733332?is_from_webapp=1&sender_device=pc&web_id=7409943419302872596,短尺,,24.47,67525.0,395.0,20.0,4.0,156.0,0.005849685302,0.0002961865976,5.923731951e-05,0.002310255461,8.3,0.3391908459,84.0,50.0,34.0,11.95,11.0,,98.4
2024-11-29 00:00:00,肌コミちゃん,通常,,,Anuaクレンジングオイル,https://www.tiktok.com/@bihadanaritaina/video/7442708621789547797?is_from_webapp=1&sender_device=pc&web_id=7409943419302872596,短尺,,30.97,3509.0,57.0,10.0,0.0,10.0,0.01624394414,0.002849814762,0,0.002849814762,7.6,0.245398773,76.0,38.0,25.0,9.26,0.0,,84.5
2024-11-30 00:00:00,成分オタクちゃん,通常,,,ナンバーズイン1番粉,https://www.tiktok.com/@seibun_otakuchan/video/7442840859382500615?is_from_webapp=1&sender_device=pc&web_id=7409943419302872596,短尺,,22.65,9610.0,133.0,25.0,1.0,28.0,0.01383975026,0.002601456816,0.0001040582726,0.002913631634,6.4,0.2825607064,73.0,41.0,25.0,13.39,3.0,,100.0
2024-11-29 00:00:00,ももそら,PR,,,【PR】スカルプDボーテ,https://www.tiktok.com/@cosme_daisuki.kaigi/video/7442648861404925191?is_from_webapp=1&sender_device=pc&web_id=7409943419302872596,長尺,,73.81,6381.0,99.0,3.0,0.0,15.0,0.01551480959,0.0004701457452,0,0.002350728726,10.8,0.1463216366,67.0,37.0,31.0,7.59,12.0,,79.2
2024-11-30 00:00:00,ももそら,PR,,,【PR】コスデバハ,https://www.tiktok.com/@cosme_daisuki.kaigi/video/7442995055591460104?is_from_webapp=1&sender_device=pc&web_id=7409943419302872596,長尺,,79.62,2655.0,46.0,2.0,1.0,7.0,0.01732580038,0.0007532956685,0.0003766478343,0.00263653484,6.4,0.08038181361,69.0,27.0,17.0,2.8,2.0,,69.6
2024-11-30 00:00:00,突撃ちゃん,通常,,,shien3選,https://www.tiktok.com/@totsugeki_cosme/video/7442977826971585813?is_from_webapp=1&sender_device=pc&web_id=7409943419302872596,短尺,,44.12,65253.0,2115.0,37.0,12.0,481.0,0.03241230288,0.0005670237384,0.0001838995908,0.007371308599,14.5,0.3286491387,82.0,55.0,45.0,21.33,57.0,,98.4
