  ,Unnamed: 1,Unnamed: 2,Unnamed: 3,Unnamed: 4,Unnamed: 5,Unnamed: 6,Unnamed: 7,Unnamed: 8,Unnamed: 9,Unnamed: 10,Unnamed: 11,Unnamed: 12,Unnamed: 13,Unnamed: 14,Unnamed: 15,Unnamed: 16,Unnamed: 17,Unnamed: 18,Unnamed: 19,Unnamed: 20,Unnamed: 21,Unnamed: 22,Unnamed: 23,Unnamed: 24,Unnamed: 25,Unnamed: 26,Unnamed: 27,Unnamed: 28,Unnamed: 29,Unnamed: 30,Unnamed: 31,Unnamed: 32,Unnamed: 33,Unnamed: 34
ALL,11月,12月,1月,2月,3月,4月,5月,6月,7月,8月,9月,10月,11月,12月,1月（見込み）,,"累計
（1月 - 12月）",,,,,,,,12,Dec,,,,,,,,
売上高,1983611,2479974,1618817.4369436107,1750861.5157428435,2093259.3439087742,1676728.6114141766,1730577.361537463,2317607.5776420883,1903754.1810393352,1946604.830731842,2657176.5074711363,1814278.8012996248,2215160.112442679,3003528.043021948,,,24728354.32319552,,,,,,,,(千円）,,売上高,粗利,粗利構成比,1人当たり粗利益,粗利率,営業利益,1人当たり営業利益,営利率
原価,1090465,1396931,894322.6826293825,1009216.9542449949,1174055.6353505063,840498.6775630274,883504.7886963853,1298113.8864730112,1089630.854600216,1055260.8154177386,1345498.7211600204,1007901.8007679962,1265380.8178275023,1644608.3207640343,,,13507993.955494815,,,,,,,,ALL,,3003528.043021948,1358919.7222579138,,,,444307.0073525952,,0.14792836989980734
粗利,893146,1083043,724494.7543142282,741644.5614978486,919203.7085582679,836229.9338511493,847072.5728410777,1019493.6911690771,814123.3264391192,891344.0153141033,1311677.7863111158,806377.0005316286,949779.2946151765,1358919.7222579138,,,11220360.367700705,143402.2940835479,0.17783529786812566,,,,,,,BM,463606.5316554977,239728.63675729098,0.17641118370036585,2135.782192608312,0.5170950372533393,81389.29480306414,725.11072878341,0.17555683374958117
人件費,199444,212412,222046.13055730343,235071.7759089509,223007.61999999976,238775.50543962538,233283.3247876641,236703.06758309502,238423.04611354065,236203.73058512984,248850.35951292657,248996.84070493933,249103.7845475166,258038.36149999953,321814.898,,2868503.5472406913,106.94384257728234,0.00042949879313533356,,,,,,,PM,0,0,0,0,0,0,0,0
その他販管費,376977,443487,338422.9299999998,326050.7399999999,346703.4073333333,330636.52636363625,351055.105,375026.589,346740.849,369971.8559999999,422826.72399999993,379466.51799999987,466166.0509999997,461705.05399999977,526007,,4514772.349696969,86699.53299999982,0.22847742524677725,,,,,,,BC,330668.32387144613,196743.05442560243,0.1447790117422859,9007.54024924423,0.5949860939873097,62067.726820738026,2841.663453630614,0.18770387829729976
管理部門コスト,103530,166804,87436.51963026224,109681.06584164657,112096.03060994695,122788.91751064,176716.86569087676,157714.2828211469,174228.96564678953,188429.16353612373,168107.32899999988,160880.74599999972,210585.89856104966,171024.25693026846,165004,,1839690.0417787505,49705.15256104994,0.30895650223458077,,,,,,,PG Web,537775.9953657276,180828.12543253216,0.13306755540502208,4318.0426413427385,0.3362517609391539,104204.51252342787,2488.327119579509,0.19376936386415142
エンジニアコスト,37373,33390,37235.05781165247,34981.11706183961,35856.404728796246,37465.7148368199,37926.77359499682,39636.24906396148,35752.24863326962,35346.663631619565,33808.56689882113,33374.237556679655,33243.17917433138,23845.042475050803,36700,,418471.25546783867,,,,,,,,,PG App,156981.143,71900.67100000002,0.05291016814483597,4234.889331417934,0.4580210694478127,7567.713854435926,445.732010837206,0.04820778922749929
営業利益,175821,226950,39354.11631501024,35859.86268541159,201540.24588619173,106563.26970042777,48090.503767540096,210413.50270087377,18978.2170455195,61392.601561230375,438084.8068993683,-16341.341729989974,-9319.618667720933,444307.0073525952,,,1578923.173516456,,,,,,,,,CG,438539.606509569,121521.07274405617,0.0894247620029701,33505.61622476662,0.27710398545588283,113403.62718851867,31267.485755970378,0.25859380887195693
粗利率,0.45,0.437,0.44754568228651037,0.4235883619745841,0.43912557286944925,0.49872706182657733,0.48947397074958243,0.43989055826539025,0.4276409919660199,0.4578967447537851,0.4936359261882282,0.4444614576072848,0.4287632705555742,0.45244116345611346,,,0.45374472644044334,,,,,,,,,D2C Creator,192091.307,84400.407,0.062108456899694166,4263.0171408829465,0.4393765044245339,-986.231426178696,-49.8139952651794,-0.005134180414414568
営業利益率,0.089,0.092,0.024310410437209225,0.020481267286406264,0.09628059058838483,0.06355427406379784,0.027788704993122058,0.09078909852156526,0.00996883801203711,0.031538297137662666,0.16486853834045762,-0.009007073068529577,-0.0042071986649507235,0.14792836989980734,,,0.06385071779869336,,,,,,,,,GEC,0,0,0,0,0,0,0,0
1人当たり粗利益,2163,2630,1766.2243922162836,1743.1175648236367,2061.4394583402855,1795.4920202794528,1784.6636801661984,2113.311125756944,1690.2945485997573,1840.524412079993,2725.31213402449,1623.8821732980807,1872.0186366596206,2740.628906668056,,,,,,,,,,,,DX / AI,57081.06,37752.568999999996,0.02778130921322725,2269.925068509001,0.6613852125380992,3672.2175892758096,220.7971267575685,0.06433338114736849
1人当たり営業利益,426,551,95.94023939549568,84.28290284076459,451.9814394189457,228.80489283712132,101.31997916892364,436.1666973704691,39.40284693044412,126.7687671125792,910.221894762987,-32.90819741337835,-18.36900417965346,896.0651669419155,,,,,,,,,,,,GROVE,429262.878533566,195235.441009928,0.14366959122907896,2117.23362583924,0.4548155705354374,57834.0039721008,627.181710929346,0.13472864033729506
"人数(正社員=1, Intern&Part Time=0.3)",413,412,410.1940599999991,425.4701899999992,445.9038099999992,465.73859666666596,474.6398899999989,482.41533333333285,481.6458333333325,484.2880699999994,481.2945166666655,496.5735899999991,507.35568333333316,495.8422933333329,,,,,,,,,,,,ENGAWA,144322.888513474,93406.0238773054,0.06873549801904896,1428.49379749921,0.647201735215998,16293.2668724233,249.179118242193,0.11289454528137552
前月比_売上,1.097,1.25,0.652755809917205,1.0815682335671755,1.1955596288382981,0.8010133174818159,1.0321153642615244,1.339210617884832,0.8214307717168393,1.0225084993216471,1.365031292186894,0.6827844504113479,1.2209590449140948,1.355896590115975,,,,,,,,,,,,LYFT,213699.563783389,104385.741156247,0.07681523746141884,2319.46304553428,0.4884696033448851,10719.8221562471,238.195668016548,0.05016305118485394
前月比_粗利,1.13,1.213,0.6689436655001031,1.023671402838318,1.2394127271719155,0.9097329852625818,1.012966097661673,1.203549405158639,0.7985565124052363,1.0948513405367446,1.47157299962225,0.6147675968497073,1.1778352978681257,1.4307742124537568,,,,,,,,,,,,AnyReach,39498.7447892788,33017.9798549506,0.02429722618205111,1365.54776021648,0.835924787764717,-11858.9470014583,-490.458792073533,-0.3002360471130007
前月比_人件費,1.018,1.257,1.0453558676407333,1.0586618884956698,0.9486788413355762,1.0707055904171598,0.9769985592037623,1.014659182342088,1.0072663972968658,0.9906916904024708,1.0535411904649779,1.0005886316270527,1.0004294987931353,1.0358668856384985,,,,,,,,,,,,,,,,,,,,
前月比_その他販管費,1.156,1.183,0.7630954909614032,0.9634416320430771,1.0633418814916151,0.95365813940718,1.0617553627874352,1.0682841059952681,0.9245767078131092,1.0669981834185331,1.1428618613627737,0.89745159532537,1.2284774252467772,0.9904304550053991,,,,,,,,,,,,Check,-,-,,,,-,,
,,,,,,,,,,,,,,,,,,,,,,,,,,,,,,,,,,
BCM,11月,12月,1月,2月,3月,4月,5月,6月,7月,8月,9月,10月,11月,12月,1月（見込み）,,"累計
（1月 - 12月）",,,,,,,,11,Jan - Nov,,,,,,,,
売上高,515283,529943,331817.7862752799,415906.87222890387,544751.2975518598,422961.346353464,471562.3607869489,517257.595421866,531782.8277359194,522420.2762905611,698189.3165291481,582323.1983125106,553784.2738726693,794274.8555269438,,,6387032.006886075,,,,,,,,(千円）,,売上高,粗利,粗利構成比,1人当たり粗利益,粗利率,営業利益,1人当たり営業利益,営利率
原価,273556,245452,157299.6248128902,240423.1959168355,307682.89345719025,186910.48248947135,236304.44173690907,288073.6503408788,291529.0155833484,264016.4591049234,300972.70586411294,292245.6658309809,291305.1511255671,357803.1643440504,,,3214566.4506071582,,,,,,,,ALL,,24728354.323195525,11220360.367700703,,,,1578923.1735164574,,0.0638507177986934
粗利,241727,284491,174518.1614623897,175483.67631206836,237068.4040946695,236050.86386399265,235257.9190500398,229183.94508098718,240253.812152571,258403.81718563766,397216.6106650352,290077.5324815297,262479.1227471022,436471.6911828934,,,3172465.556278916,,,,,,,,,BM,4712466.249804653,2239339.223440459,0.19957819090077483,1877.037911237339,0.47519475042039544,563478.3105556539,476.61925827688464,0.1195718506374474
人件費,45844,43962,48830.22699999982,56347.30940000001,53017.229049999936,62354.50111962554,55890.95756049128,68402.95206309506,63889.45131354078,65229.37169999984,76203.70049999985,72035.2242,73420.1829,67040.35199999984,75533,,762661.458806752,,,,,,,,,PM,123763.083,61905.13,0.005517214061876491,477.38945771114993,0.5001905939915863,14183.940667782037,109.37631851441148,0.11460558612443451
その他販管費,28982,49373,43832.418000000005,26295.688000000006,44540.40733333333,31405.850363636368,39391.166999999994,40579.71400000001,80244.62599999999,68281.89899999999,88645.52699999999,95194.462,110556.892,149310.775,75719,,818279.4256969696,,,,,,,,,BC,1550802.6740814217,871221.2028384573,0.07764645468485872,3612.5928229545893,0.5617872714557337,192320.86732625752,652.2285338394155,0.12401375786908149
管理部門コスト,45030,69869,26163.475051656525,34284.16671374668,35289.56911884006,41802.31778515799,56080.96632903702,49244.45058035275,63799.25600315295,69263.4087547531,61144.57588634282,61003.449940707535,86327.89376738232,64088.288643955515,64909,,648491.8185750853,,,,,,,,,PG Web,5276862.6345790755,1485928.5142089645,0.13243144297632428,2785.9980323773893,0.28159317706542764,591404.2151581519,1039.6903072562402,0.11207496880489234
エンジニアコスト,9667,8700,11423.761658301391,10843.843562020977,11261.787530002266,12882.885847804357,12980.470165506154,13762.020339968672,18457.277978607337,17674.132588194334,16740.721041388937,17445.297463459032,17002.282560026702,12575.253915135892,18691,,173049.73465041607,,,,,,,,,PG App,1270154.2710000002,791188.208,0.07051361828605258,4255.548946919707,0.6229071743994473,7975.178337164689,27.75215707531515,0.006278905263126646
営業利益,112204,112587,44268.27975243196,47712.66863630069,92959.41106249389,87605.30874776837,70914.35799500538,57194.8080975707,13863.200857269927,37955.00514269041,154482.08623730362,44399.09887736314,-24828.12848030677,143457.0216238022,,,769983.1185496934,,,,,,,,,CG,2214096.3443264496,573841.2957944479,0.05114285789307857,6956.8995047671815,0.2591762988385296,376199.12797201343,3819.317205882622,0.1699109114813416
粗利率,0.469115029993227,0.5368332065901427,0.5259457710853613,0.4219302157034013,0.43518648814618166,0.5580908655107402,0.49889036660482955,0.4430750695774102,0.45178933884619493,0.4946282311636732,0.5689239311762687,0.498138376286799,0.4739735942871025,0.5495222316880799,,,0.49670418949812273,,,,,,,,,D2C Creator,1517567.525,798252.945,0.0711432537673101,2479.4072965528862,0.5260081886636313,-238774.59939001076,-827.3532201354258,-0.1573403459526526
営業利益率,0.21775218666247478,0.21245115040674187,0.1334114130811134,0.11471959667461548,0.17064559823952372,0.20712367572841422,0.15038171807576553,0.11057316239295363,0.026069290195572695,0.07265224353884094,0.22126102846326534,0.07624477095541682,-0.04483357446516341,0.18061382734900863,,,0.12055413495964143,,,,,,,,,GEC,269158.834,193694.484,0.017262768543296995,880.7564231371747,0.7196289310719782,-28101.5760142215,-128.3405948022125,-0.10440517814927636
1人当たり粗利益,2778.4712643678163,3427.602409638554,1979.6281143698716,1811.616474440726,2235.300196535659,2033.5954294854487,2111.906849146796,2067.264011082076,1871.2906751195812,1979.8967632841775,3131.5886345091844,2081.5911980852215,1843.369591433754,3255.1624545737627,,,,,,,,,,,,DX / AI,601516.6610000001,451521.51499999996,0.04024126678673927,2059.121931451383,0.7506384183097463,18405.604015499877,74.99355168880527,0.030598660367779695
1人当たり営業利益,1289.7011494252874,1356.4698795180723,502.15250056705963,492.56465534343954,876.5073127790289,754.7261321219805,636.5971396722442,515.9033646928106,107.97780172180877,290.8122358674808,1217.910662613163,318.6071414611172,-174.36593270278718,1069.8881968019818,,,,,,,,,,,,GROVE,4107128.813485446,1932694.4367503838,0.17224887378073,2039.0840595835764,0.47057068928652257,259537.30482426728,229.30791471119045,0.06319190768307442
"人数(正社員=1, Intern&Part Time=0.3)",87,83,88.15704333333332,96.86579846666656,106.0566292,116.0756266666667,111.395973333333,110.8634136,128.38936,130.5137833333326,126.8418866666666,139.35374666666598,142.3909366666663,134.085993333333,,,,,,,,,,,,ENGAWA,1036224.3425982809,595790.3905040459,0.05309904236401423,762.250753489216,0.5749627431161588,-190558.75184785214,-319.2216834181282,-0.18389719678852126
前月比_売上,,1.0284503855163085,0.6261386342970469,1.253419465235847,1.309791527686139,0.7764301769528112,1.1149065153411668,1.0969017852880802,1.0280812354281756,0.9823940320050957,1.3364514131929048,0.834047706727119,0.9509912630605426,1.4342676255006297,,,,,,,,,,,,LYFT,1840661.469456973,1031883.4377891431,0.09196526706571355,2123.7363220874354,0.560604682018778,69671.33378914348,114.84318288571212,0.037851248013409944
前月比_粗利,,1.1769103161831322,0.6134400085148202,1.0055324605851224,1.3509427718683247,0.9957078201350252,0.9966407883412377,0.9741816386305759,1.0483012327398065,1.075545128172787,1.537193277526834,0.7302754333356574,0.9048585062816447,1.66288155269184,,,,,,,,,,,,AnyReach,207951.4208632225,193099.58437480428,0.017209748889230606,1041.1346681277093,0.9285802596261805,-56817.78187739226,-281.2756078305708,-0.2732262258249414
前月比_人件費,,0.9589477357996684,1.1107371593649018,1.1539432204564648,0.9409008098974097,1.1761176930016415,0.8963419890613172,1.223864378939329,0.9340159947279613,1.0209724822941948,1.1682421356206323,0.945298243095165,1.01922613159577,0.9131052164676621,,,,,,,,,,,,,,,,,,,,
前月比_販管費(人件費以外),,1.703574632530536,0.8877811354383977,0.5999141548613631,1.693829320355996,0.7051091861059998,1.2542620735915344,1.0301729319164374,1.977456667141616,0.8509217676458484,1.2982287882766705,1.073877782913965,1.1613794508340203,1.3505333977731573,,,,,,,,,,,,Check,-,-,,,,-,,
,,,,,,,,,,,,,,89472.76281481699,0.5954693182182812,,317714793.94905835,,574509322.3,-0.446980611772993,,,,,,,,,,,,,,
BM,11月,12月,1月,2月,3月,4月,5月,6月,7月,8月,9月,10月,11月,12月,1月（見込み）,,"累計
（1月 - 12月）",,,,,,,,,,,,,,,,,
売上高,441716,448927,264012.49095632386,358106.98290461145,456745.32182654046,357588.11472359404,420806.2551161151,482993.34803594666,395807.2910592775,378449.90603488643,435738.9656659724,370852.3762077245,327758.6656181629,463606.5316554977,280534.4627906977,,4712466.249804653,,,,,,,,,,,,,,,,,
原価,242013,219882,122612.49413371012,215377.49300207326,268827.96766512946,162392.8873760461,212374.67093611523,274942.05249991413,240086.78898863893,189434.86039598027,182303.66799608144,203393.45679660948,177502.7916756889,223877.8948982067,159904.64379069768,,2473127.026364194,,,,,,,,,,,,,,,,,
粗利,199703,229045,141399.99682261376,142729.4899025382,187917.354161411,195195.22734754795,208431.58417999986,208051.29553603253,155720.50207063855,189015.04563890616,253435.29766989095,167458.91941111503,150255.873942474,239728.63675729098,120629.819,,2239339.223440459,,,,,,,,247233448,,,,,,,,,
人件費,38220,36126,37362.792199999836,45254.07849000001,42895.98651999993,50895.90079962554,51121.530450491286,64989.74726309505,51621.23941354078,51252.57919999985,62546.31819999985,59422.890199999994,60819.00830000001,55248.30999999985,54625,,633430.3810367519,,,,,,,,,,,,,,,,,
その他販管費,15596,27575,31778.50600000001,19149.950000000004,30349.658333333326,19322.16336363637,25387.284999999996,29026.994000000006,34008.787,30911.94099999999,32846.029999999984,39226.372,38449.727,41022.218,35058,,371479.6316969697,,,,,,,,,,,,,,,,,
管理部門コスト,37965,58573,20561.53066974463,27840.067244841408,28796.197985731385,34300.80946278344,51685.952565052125,46135.11862972202,51629.54316005678,55655.04976656437,49119.386482186164,49469.56075268229,70620.17383166138,53244.20767168354,47999,,539057.5982227095,,,,,,,,,,,,,,,,,
エンジニアコスト,8054,7120,9142.282185408225,8920.317000553165,9135.426332839606,10653.69025377736,11761.03787000826,12714.840623994576,12542.230110849287,12586.362353074357,11739.522078006265,11837.336995696962,12035.649841622524,8824.606282543446,15370,,131893.30192837404,,,,,,,,,,,,,,,,,
営業利益,99867,99650,42554.88576746106,41565.07716714361,76740.08498950675,80022.66346772523,68475.77829444819,55184.5950192209,5918.702386191697,38609.11331926758,97184.0409096987,7502.759462735761,-31668.685030809924,81389.29480306414,-32422.180999999997,,563478.3105556539,,,,,,,,,,,,,,,,,
粗利率,0.452,0.51,0.5355807079825092,0.3985666203570146,0.41142699263984345,0.545866093727496,0.4953148429851318,0.43075395630614016,0.39342504695629094,0.4994453496349456,0.5816218370155326,0.4515514262670296,0.4584344815386858,0.5170950372533393,,,0.47519475042039544,,,,,,,,,,,,,,,,,
営業利益率,0.226,0.222,0.16118512276944127,0.11606888206984574,0.1680150432250088,0.22378446087219814,0.16272519113470243,0.1142553934616793,0.014953495096949316,0.10201908549478804,0.22303270665997263,0.020231121449072936,-0.09662196107334588,0.17555683374958117,,,0.1195718506374474,,,,,,,,,,,,,,,,,
1人当たり粗利益,2743,3296,2040.9500149479206,1814.540096164566,2171.4022028583604,2049.387821560324,2030.191478371028,2003.1239906795488,1498.7669002520383,1802.3506277520517,2487.192572180032,1469.5623676381197,1279.9489512067416,2135.782192608312,,,,,,,,,,,,,,,,,,,,
1人当たり営業利益,1372,1434,614.2319426793412,528.422676851556,886.738696047324,840.1715256468665,666.976370760378,531.3189034181802,56.96587867950031,368.15672208905073,953.7559562831159,65.84165835209276,-269.76848976167486,725.11072878341,,,,,,,,,,,,,,,,,,,,
"人数(正社員=1, Intern&Part Time=0.3)",73,69,69.28146,78.6587687999999,86.5419377,95.2456266666667,102.665973333333,103.8634136,103.89908,104.871406666666,101.89613,113.951556666666,117.392083333333,112.243953333333,,,,,,,,,,,,,,,,,,,,
前月比_売上,1.194,1.016,0.5880967082762317,1.3564016672372288,1.2754437741533882,0.7829048216489372,1.1767903847737975,1.1477808187586755,0.8194880792226141,0.9561468790078665,1.1513781843185473,0.8510883933478915,0.883798208251405,1.4144752840664687,,,,,,,,,,,,,,,,,,,,
前月比_粗利,1.153,1.147,0.617345922515723,1.0094023557977323,1.3165979524604832,1.0387291169493884,1.06781086306421,0.9981754749623795,0.7484716769940479,1.2138096340914981,1.3408207627770177,0.6607561020534582,0.8972700556701478,1.595469318218281,,,,,,,,,,,,,,,,,,,,
前月比_人件費,1.051,0.945,1.034235514587827,1.2112070813058828,0.9478921668790328,1.1864956358072265,1.0044331595928333,1.271279374666501,0.7942982022158797,0.9928583618346012,1.2203545494935801,0.9500621604934075,1.0234946179039943,0.9084053085423269,,,,,,,,,,,,,,,,,,,,
前月比_販管費(人件費以外),1.048,1.768,1.1524390208522215,0.6026069948033428,1.5848426932359259,0.636651759022099,1.3138945428739088,1.1433673982861898,1.1716262111054279,0.9089398278156758,1.0625676983532024,1.1942500204743167,0.980200947464629,1.0669053124876544,,,,,,,,,,,,,,,,,,,,
,,,,,,,➡5月からBMと合併する形,,,,,,9.998177038505913,,,,,,,,,,,,,,,,,,,,,
PM,11月,12月,1月,2月,3月,4月,5月,6月,7月,8月,9月,10月,11月,12月,1月（見込み）,,"累計
（1月 - 12月）",,,,,,,,,,,,,,,,,
売上高,19752,18873,28430.065,36613.544,35796.963,22922.511,0,0,0,0,0,0,0,0,,,123763.083,,,,,,,,,,,,,,,,,
原価,10008,9291,17477.715,17217.895,19244.947000000004,7917.396000000001,0,0,0,0,0,0,0,0,,,61857.953,,,,,,,,,,,,,,,,,
粗利,9744,9582,10952.349999999999,19395.649,16552.016,15005.114999999998,0,0,0,0,0,0,0,0,,,61905.13,,,,,,,,,,,,,,,,,
人件費,4159,3553,6652.954899999983,6973.813,6433.0815,6664.5677000000005,0,0,0,0,0,0,0,0,0,,26724.417099999984,,,,,,,,,,,,,,,,,
その他販管費,-347,1882,319.5540000000001,-77.06800000000021,33.41699999999946,605.6210000000001,0,0,0,0,0,0,0,0,0,,881.5239999999994,,,,,,,,,,,,,,,,,
管理部門コスト,4535,5648,3353.643190661894,3999.4620392114284,4092.7352060490784,4429.599249409836,0,0,0,0,0,0,0,0,0,,15875.439685332236,,,,,,,,,,,,,,,,,
エンジニアコスト,631,457,1065.4504011800434,1114.359401385073,968.426213221692,1091.5725310989287,0,0,0,0,0,0,0,0,0,,4239.808546885737,,,,,,,,,,,,,,,,,
営業利益,766,-1958,-439.25249184192216,7385.0825594034995,5024.356080729229,2213.754519491231,0,0,0,0,0,0,0,0,,,14183.940667782037,,,,,,,,,,,,,,,,,
粗利率,0.493,0.508,0.3852383031836191,0.5297397323788159,0.46238604096107255,0.6546017144456817,0,0,0,0,0,0,0,0,,,0.5001905939915863,,,,,,,,,,,,,,,,,
営業利益率,0.039,-0.104,-0.015450280955809359,0.20170357066236197,0.14035704874542648,0.09657556798603918,0,0,0,0,0,0,0,0,,,0.11460558612443451,,,,,,,,,,,,,,,,,
1人当たり粗利益,1121,1430,969.2345132743361,1716.4291150442477,1345.692357723577,1219.9280487804876,0,0,0,0,0,0,0,0,,,,,,,,,,,,,,,,,,,,
1人当たり営業利益,88,-292,-38.87190193291347,653.5471291507521,408.48423420562835,179.98004223505941,0,0,0,0,0,0,0,0,,,,,,,,,,,,,,,,,,,,
"人数(正社員=1, Intern&Part Time=0.3)",9,7,11.3,11.3,12.3,12.3,0,0,0,0,0,0,0,0,,,,,,,,,,,,,,,,,,,,
前月比_売上,1.126,0.956,1.5063882265670534,1.287845947591045,0.9776972969347082,0.6403479256047502,0,0,0,0,0,0,0,0,,,,,,,,,,,,,,,,,,,,
前月比_粗利,1.181,0.983,1.143012940930912,1.7709120873602473,0.8533880975057859,0.906543045874291,0,0,0,0,0,0,0,0,,,,,,,,,,,,,,,,,,,,
前月比_人件費,0.958,0.854,1.872489417393747,1.0482279084741755,0.922462575351533,1.0359837194663242,0,0,0,0,0,0,0,0,,,,,,,,,,,,,,,,,,,,
前月比_販管費(人件費以外),-0.236,-5.418,0.16979489904357073,-0.2411736357548339,-0.43360408989463034,18.123140916300382,0,0,0,0,0,0,0,0,,,,,,,,,,,,,,,,,,,,
,,,,,,,,,,,,,,75275.698,54082.671,,94487.686,-0.2815387643433077,0.7470972541278518,,-0.6173908236823415,,,,,,,,,,,,,
BC,11月,12月,1月,2月,3月,4月,5月,6月,7月,8月,9月,10月,11月,12月,1月（見込み）,,"累計
（1月 - 12月）",,,,,,,,,,,,,,,,,
売上高,53815,62143,39375.23031895602,21186.34532429245,52209.0127253193,42450.72062986994,50756.10567083379,34264.247385919334,135975.53667664193,143970.3702556746,262450.35086317576,211470.8221047861,226025.6082545064,330668.32387144613,125459.49666666667,,1550802.6740814217,,,,,,,,,,,,,,,,,
原価,21535,16279,17209.415679180056,7827.807914762274,19609.97879206082,16600.199113425253,23929.770800793827,13131.597840964705,51442.22659470946,74581.59870894314,118669.03786803148,88852.20903437147,113802.35944987819,133925.2694458437,50183.79866666667,,679581.4712429643,,,,,,,,,,,,,,,,,
粗利,32279,45864,22165.814639775963,13358.537409530178,32599.033933258477,25850.521516444685,26826.334870039966,21132.649544954627,84533.31008193248,69388.77154673147,143781.31299514428,122618.61307041462,112223.24880462821,196743.05442560243,75275.698,,871221.2028384573,1.0721120981124654,,,,,,,,,,,,,,,,
人件費,3465,4283,4814.479899999999,4119.41791,3688.16103,4794.03262,4769.4271100000005,3413.2048,12268.2119,13976.7925,13657.382300000001,12612.334,12601.174599999986,11792.041999999985,20908,,102506.66066999997,,,,,,,,,,,,,,,,,
その他販管費,13733,19916,11734.358,7222.8060000000005,14157.332000000002,11478.066,14003.881999999998,11552.720000000001,46235.839,37369.958,55799.497,55968.09,72107.16500000001,108288.557,40661,,445918.27,55474.0,,,,,,,,,,,,,,,,
管理部門コスト,2530,5648,2248.301191250004,2444.637429693847,2400.6359270595963,3071.9090729647073,4395.013763984897,3109.331950630728,12169.712843096166,13608.35898818872,12025.189404156656,11533.889188025245,15707.71993572095,10844.080972271968,16910,,93558.78066704348,,,,,,,,,,,,,,,,,
エンジニアコスト,982,1123,1216.0290717131227,809.1671600827394,1157.9349839409672,1137.6230629280667,1219.4322954978934,1047.1797159740959,5915.047867758052,5087.770235119976,5001.198963382672,5607.960467762071,4966.6327184041775,3750.647632592447,3321,,36916.62417515628,1.5918684968659962,,,,,,,,,,,,,,,,
営業利益,11570,14893,2152.646476812839,-1237.491090246409,11194.969992257913,5368.8907605519125,2438.5797005571767,2010.2130783498033,7944.498471078259,-654.1081765772105,57298.04532760495,36896.339414627306,6840.556550503097,62067.726820738026,-6524.301999999996,,192320.86732625752,,,,,,,,,,,,,,,,,
粗利率,0.6,0.738,0.5629380313517786,0.6305258035331446,0.6243947592873986,0.6089536557420718,0.5285341441286994,0.6167551064798508,0.6216802827037764,0.4819656393430474,0.5478419538105412,0.5798370283426418,0.4965067881966014,0.5949860939873097,,,0.5617872714557337,,,,,,,,,,,,,,,,,
営業利益率,0.215,0.24,0.05467006692724061,-0.058409842344422216,0.21442600439806433,0.12647348928098426,0.04804505129633042,0.058667947838127246,0.058425939439171015,-0.004543352742759434,0.21831956078228434,0.17447484739216065,0.03026452003969649,0.18770387829729976,,,0.12401375786908149,,,,,,,,,,,,,,,,,
1人当たり粗利益,6656,6845,2925.9548294115048,1934.0495197231464,4518.4238207910175,3030.541795597267,3072.8905922153454,3018.949934993518,3451.708599572258,2706.019510154544,5763.758338397886,4827.088257761028,4489.135853882965,9007.54024924423,,,,,,,,,,,,,,,,,,,,
1人当たり営業利益,2386,2223,284.1558705243169,-179.16400391597324,1551.6907399655151,629.4127503577859,279.33329903289535,287.1732969071148,324.3939420487744,-25.508874823896807,2296.905485499609,1452.4865539005616,273.63481273686847,2841.663453630614,,,,,,,,,,,,,,,,,,,,
"人数(正社員=1, Intern&Part Time=0.3)",5,7,7.57558333333333,6.90702966666666,7.2146915,8.53,8.73,7,24.49028,25.6423766666666,24.9457566666666,25.40219,24.9988533333333,21.84204,,,,,,,,,,,,,,,,,,,,
前月比_売上,1.801,1.155,0.633622939332765,0.5380627656695363,2.464276491588003,0.8130918095159272,1.1956476808339473,0.6750763663416508,3.96843786309225,1.0587961171136606,1.8229469744162947,0.8057555320816964,1.0688264508779763,1.4629684062131194,,,,,,,,,,,,,,,,,,,,
前月比_粗利,1.34,1.421,0.48329440606523555,0.6026639501694036,2.440314604351959,0.7929842819688971,1.0377483043417333,0.7877576138272945,4.000128327596036,0.8208453150536467,2.0721120981124654,0.8528132795292782,0.915221971563022,1.7531398932151439,,,,,,,,,,,,,,,,,,,,
前月比_人件費,0.973,1.236,1.1240905673593273,0.8556309291061742,0.8953112091509065,1.299843629658437,0.9948674713022709,0.7156425124609986,3.594338054370485,1.1392689182357536,0.9771471029565618,0.9234810685500104,0.9991151994547548,0.9357891128657163,,,,,,,,,,,,,,,,,,,,
前月比_販管費(人件費以外),1.063,1.45,0.5891925085358506,0.6155263031859093,1.9600875338476489,0.8107506414344171,1.220055887463968,0.8249655345567752,4.00216044360116,0.8082465638830518,1.4931645628287835,1.0030214071642973,1.2883620827510822,1.5017724937598087,,,,,,,,,,,,,,,,,,,,
,,,,,,,,,➡7月からBCと合併する形,,,,,,,,,,,,,,,,,,,,,,,,,
Global E-Commerce,11月,12月,1月,2月,3月,4月,5月,6月,7月,8月,9月,10月,11月,12月,1月（見込み）,,"累計
（1月 - 12月）",,,,,,,,,,,,,,,,,
売上高,87540,107157,38150.909,38825.544,47317.71,34887.141,36040.795,73936.735,0,0,0,0,0,0,,,269158.834,,,,,,,,,,,,,,,,,
原価,32339,54898,1319.459,10251.765,11210.991,8896.743,10499.158,33286.234,0,0,0,0,0,0,,,75464.34999999999,,,,,,,,,,,,,,,,,
粗利,55201,52259,36831.45,28573.779000000002,36106.719,25990.398,25541.637,40650.501000000004,0,0,0,0,0,0,,,193694.484,,,,,,,,,,,,,,,,,
人件費,12244,11367,11502.403557303602,12194.538508950896,12237.93795,10808.70112,9289.04249,9776.32992,0,0,0,0,0,0,0,,65808.95354625449,,,,,,,,,,,,,,,,,
その他販管費,32413,60841,10944.501999999997,11067.329000000002,14379.641,11679.580999999996,13307.995000000003,19866.833000000002,0,0,0,0,0,0,0,,81245.881,,,,,,,,,,,,,,,,,
管理部門コスト,11736,17633,5597.511439393484,7289.894327856207,7048.781687065619,7223.968120080886,9487.12134910734,9061.323138378439,0,0,0,0,0,0,0,,45708.600061881974,,,,,,,,,,,,,,,,,
エンジニアコスト,6152,6571,6340.993623545792,4942.3888178960915,4820.124837264813,4630.942561872316,4482.720572970907,3815.454992535116,0,0,0,0,0,0,0,,29032.625406085037,,,,,,,,,,,,,,,,,
営業利益,-7345,-44153,2446.0393797571232,-6920.3716547031945,-2379.766474330434,-8352.794801953198,-11025.242412078249,-1869.440050913552,0,0,0,0,0,0,,,-28101.5760142215,,,,,,,,,,,,,,,,,
粗利率,0.631,0.488,0.9654147428046864,0.7359530879979428,0.763069873837935,0.7449850361770831,0.7086868366804895,0.5498011374183618,0,0,0,0,0,0,,,0.7196289310719782,,,,,,,,,,,,,,,,,
営業利益率,-0.084,-0.412,0.06411483877768479,-0.17824274798836545,-0.05029335684948477,-0.23942331078242257,-0.3059100780678742,-0.025284319775731944,0,0,0,0,0,0,,,-0.10440517814927636,,,,,,,,,,,,,,,,,
1人当たり粗利益,2453,2498,1952.8201047896268,1387.2974373012132,1704.4430782484385,1295.6760610189792,1355.3774896522493,1992.7064834984142,0,0,0,0,0,0,,,,,,,,,,,,,,,,,,,,
1人当たり営業利益,-326,-2111,129.69011206175318,-335.9938446273311,-112.33855103312486,-416.40440702349093,-585.0590306052086,-91.64082159693531,0,0,0,0,0,0,,,,,,,,,,,,,,,,,,,,
"人数(正社員=1, Intern&Part Time=0.3)",23,21,18.8606466666666,20.5967215333333,21.1838808,20.0593333333333,18.8446666666666,20.3996430666666,0,0,0,0,0,0,,,,,,,,,,,,,,,,,,,,
前月比_売上,1.539,1.224,0.3560281549502132,1.0176833270211203,1.2187262591864778,0.7372956341293778,1.0330681725968889,2.051473476098405,0,0,0,0,0,0,,,,,,,,,,,,,,,,,,,,
前月比_粗利,1.468,0.947,0.7047867352991829,0.775798373400993,1.2636312123783136,0.719821648707544,0.9827335849185533,1.5915385924559184,0,0,0,0,0,0,,,,,,,,,,,,,,,,,,,,
前月比_人件費,1.05,0.928,1.011911987094537,1.0601730714975492,1.0035589244330358,0.8832126101767006,0.8594041399490562,1.0524583056353314,0,0,0,0,0,0,,,,,,,,,,,,,,,,,,,,
前月比_販管費(人件費以外),1.825,1.877,0.17988695123354312,1.0112227125546693,1.2992873890348788,0.8122303609665914,1.139424008446879,1.4928494487712085,0,0,0,0,0,0,,,,,,,,,,,,,,,,,,,,
,,,,,,,,,,,,,,57445.906508475135,0.29416763819305974,,,,,,,,,,,,,,,,,,,
PG,11月,12月,1月,2月,3月,4月,5月,6月,7月,8月,9月,10月,11月,12月,1月（見込み）,,"累計
（1月 - 12月）",,,,,,,,,,,,,,,,,
売上高,560307,560479,491257.95919383556,474789.1517081336,613954.250578052,484077.8288239838,463324.78433922573,505277.81548575603,554864.1912770902,561776.5499863471,555724.2772443786,544288.4084454221,602924.550131123,694757.1383657276,531949.1181609196,,6547016.905579076,,,,,,,,,,,,,,,,,
原価,345007,349989,317068.2069227689,308305.47792420327,403057.9745119754,307094.14913713525,293862.48875059036,334963.194976375,362323.7897772472,373498.47061849514,368305.50022796844,351750.92838309065,407641.660207066,442028.3419331954,342253.8271609196,,4269900.183370111,,,,,,,,,,,,,,,,,
粗利,215300,210490,174189.75227106665,166483.6737839303,210896.2760660766,176983.67968684854,169462.29558863537,170314.62050938106,192540.40149984305,188278.07936785195,187418.77701641014,192537.48006233142,195282.88992405706,252728.7964325322,189695.291,,2277116.7222089646,,,,,,,,,,,,,,,,,
人件費,28123,28539,31676.215000000004,31938.04999999998,31278.670999999853,34725.347,34487.830999999984,35594.302,35484.04099999985,31633.811999999994,31723.911999999997,31834.35799999985,32855.208999999835,29832.764,33111,,393064.5119999994,,,,,,,,,,,,,,,,,
その他販管費,101031,82077,84028.43000000001,73589.508,76179.916,66077.04400000001,72108.421,65419.69899999999,71239.705,72268.206,60379.359000000004,60799.493,71939.475,74946.413,64705,,848975.669,,,,,,,,,,,,,,,,,
管理部門コスト,27841,45149,16313.015773505518,19788.977156630503,18490.9599146524,20804.087046046636,29464.2830301153,27532.45777297724,29853.426901049774,30733.78654910882,28407.340666296685,26424.292710569647,38254.29372480197,29220.433620551237,26442,,315287.3548663058,,,,,,,,,,,,,,,,,
エンジニアコスト,9019,8298,10048.951751083614,9882.973901337844,9886.225251841508,10449.690357301926,10843.936114589633,11990.559389792626,10596.081706286592,10241.520846600306,10041.51677621833,9897.955784311902,9573.421533861454,6956.959434117145,12425,,120409.79284734289,,,,,,,,,,,,,,,,,
営業利益,49287,46428,32123.139746477507,31284.16472596198,75060.50389958284,44927.511283499975,22557.82444393047,29777.60234661121,45367.14689250683,43400.75397214285,56866.648573895116,63581.38056745003,42660.490665393794,111772.22637786384,53012.291,,599379.3934953166,,,,,,,,,,,,,,,,,
粗利率,0.419,0.407,0.35457899258653364,0.3506475941688587,0.3435048716863071,0.3656099683739117,0.36575271022964023,0.3370712413836073,0.34700455449591533,0.3351476300896285,0.33725137571053626,0.35374165070362307,0.3238927489046304,0.36376567073067345,,,0.34780981247635195,,,,,,,,,,,,,,,,,
営業利益率,0.096,0.09,0.06538955582356822,0.06589064769785062,0.12225748714812489,0.09281051229436936,0.04868685036156977,0.05893312833848462,0.08176261435809833,0.07725625780071742,0.10232889024729097,0.11681560654405446,0.0707559356408958,0.16087956525468003,,,0.09154999935689065,,,,,,,,,,,,,,,,,
1人当たり粗利益,4033,3930,3169.0329594159903,2977.6348532969605,3795.054262965678,3063.683400924534,2895.49756038303,2747.742296310601,3204.8983680560236,3251.106308378771,3180.3708479897787,3308.388682089107,3207.576817750104,4294.055233673957,,,,,,,,,,,,,,,,,,,,
1人当たり営業利益,923,867,584.4160594367074,559.531256891925,1350.7051457618613,777.719566050681,385.4316113095876,480.4119411814951,755.1510950769031,749.4258784717622,964.9888566472715,1092.5245297323584,700.7106508172624,1899.095474802312,,,,,,,,,,,,,,,,,,,,
"人数(正社員=1, Intern&Part Time=0.3)",53,54,54.9662166666665,55.9113799999999,55.5713466666666,57.768266666666605,58.5261399999999,61.983476666666604,60.076913333333295,57.912003333333196,58.9298499999999,58.196753333333305,60.8817499999999,58.8555066666666,,,,,,,,,,,,,,,,,,,,
前月比_売上,1.036,1.007,0.8764966380432372,0.9664762531018782,1.2931092641212392,0.7884591211286727,0.9571287027642323,1.090547781091318,1.098136855154948,1.0124577487931725,0.9892265479181792,0.9794216857761504,1.1077299107897145,1.152311907376525,,,,,,,,,,,,,,,,,,,,
前月比_粗利,1.109,0.965,0.8275440746404421,0.9557604371860838,1.2667685141294207,0.8391977468174792,0.9575023860306139,1.0050295844145454,1.1304983736803604,0.9778627129745828,0.9954359936412834,1.0273115806612754,1.0142590931429913,1.2941676381930598,,,,,,,,,,,,,,,,,,,,
前月比_人件費,1.002,1.015,1.1099272924769614,1.0082659812733301,0.9793544377317924,1.1101925334359688,0.9931601547422977,1.0320829396316638,0.9969022850904578,0.8914940663043458,1.0028482182292795,1.0034814747941507,1.0320675855941555,0.9080071290978593,,,,,,,,,,,,,,,,,,,,
前月比_販管費(人件費以外),1.396,0.812,1.0237756009600743,0.8757691652694213,1.0352007788936433,0.8673814237337832,1.0912779482084578,0.9072407645703404,1.0889641207306688,1.0144371878013814,0.8354899386875606,1.0069582388246288,1.1832249160367176,1.0417981643596925,,,,,,,,,,,,,,,,,,,,
,,,,,,,,,,,,,,,,,,,,,,,,,,,,,,,,,,
PG Web,11月,12月,1月,2月,3月,4月,5月,6月,7月,8月,9月,10月,11月,12月,1月（見込み）,,"累計
（1月 - 12月）",,,,,,,,,,,,,,,,,
売上高,439207,447883,381095.8981938356,375021.4777081336,495844.83457805205,389434.31982398377,367822.09133922576,402793.63548575604,456178.2132770903,481425.5499863471,457711.7932443786,426971.54244542203,504787.28313112305,537775.9953657276,417658.64482758625,,5276862.6345790755,,,,,,,,,,,,,,,,,
原価,319510,320730,289636.0029227689,280704.20892420324,363401.16751197545,271100.69713713526,258031.25475059033,289380.371976375,327032.5617772472,357826.02261849516,332912.2252279684,290556.6423830906,373405.095207066,356947.8699331954,296537.63782758627,,3790934.120370111,,,,,,,,,,,,,,,,,
粗利,119697,127153,91459.89527106669,94317.26878393034,132443.6670660766,118333.62268684851,109790.83658863543,113413.26350938104,129145.65149984311,123599.52736785193,124799.56801641017,136414.9000623314,131382.18792405707,180828.12543253216,121121.007,,1485928.5142089645,,,,,,,,,,,,,,,,,
人件費,19317,20182,23739.5361,23982.002599999996,23520.172099999854,24405.380100000002,24413.271099999998,25962.503,26923.586499999852,23478.527499999997,23370.731999999996,23818.89749999985,23911.79299999985,21286.887,23621,,288813.2884999994,,,,,,,,,,,,,,,,,
その他販管費,16549,22503,20872.513269011706,18707.48156553957,23844.389364120452,25703.746806951858,27886.578168887892,23818.574607797247,24904.267080782272,22612.76970530655,20817.353049571742,27681.280412033007,28515.021609701635,29579.124372542592,26267,,294943.1000122465,,,,,,,,,,,,,,,,,
管理部門コスト,18963,32004,12292.915635359432,14902.166626537077,13899.950279830688,14422.907203752504,20638.504691443755,19672.05179544015,21478.010567034817,22903.35822545899,21202.811633268426,19668.198819863945,27561.914382409443,20791.1545678163,18739,,229433.94442821553,,,,,,,,,,,,,,,,,
エンジニアコスト,5323,5248,6420.2686755439345,5790.642784677293,6584.883891956445,7079.137880688544,7231.500973916449,8191.047584391376,7288.575631374928,7051.6607095012605,6980.800781649428,7135.313075360307,6613.687152545825,4966.446968745404,8783,,81333.9661103512,,,,,,,,,,,,,,,,,
営業利益,59545,47216,28134.66159115162,30934.9752071764,64594.27143016916,46722.4506954556,29620.98165438733,35769.086521752266,48551.211720651234,47553.21122758514,52427.87055192058,58111.2102550743,44779.77177940031,104204.51252342787,43711.007,,591404.2151581519,,,,,,,,,,,,,,,,,
粗利率,0.273,0.284,0.23999181230900507,0.25149831247087734,0.26710708235729,0.30386028314179614,0.29848896837297434,0.2815666721560988,0.28310350591293554,0.2567365345926429,0.2726597170061947,0.31949412666013627,0.26027238069293707,0.3362517609391539,,,0.28159317706542764,,,,,,,,,,,,,,,,,
営業利益率,0.136,0.105,0.07382567412688755,0.08248854277954724,0.13027113912588562,0.11997517506051643,0.08053073034993223,0.08880251168471397,0.10643036056428327,0.09877583611616317,0.11454341208973094,0.13610089778407752,0.0887101820426969,0.19376936386415142,,,0.11207496880489234,,,,,,,,,,,,,,,,,
1人当たり粗利益,3292,3349,2208.0769759563395,2240.087262315681,3170.49071742878,2954.7087376811514,2678.143611589498,2560.844676802999,2987.943052951028,2863.947986733074,2837.3628019632947,3149.2115379293427,2995.1609948000987,4318.0426413427385,,,,,,,,,,,,,,,,,,,,
1人当たり営業利益,1638,1244,679.2430529427667,734.722758781306,1546.284110860908,1166.6272880115444,722.5488506289296,807.6575171100558,1123.2918343615358,1101.8644363631918,1191.9663830134887,1341.5286287252973,1020.8585190196178,2488.327119579509,,,,,,,,,,,,,,,,,,,,
"人数(正社員=1, Intern&Part Time=0.3)",36,38,41.4206099999999,42.1042833333333,41.77387,40.0491666666666,40.9951266666666,44.2874433333333,43.22226,43.1570433333333,43.9843533333333,43.31716,43.8648166666666,41.8773366666666,,,,,,,,,,,,,,,,,,,,
前月比_売上,1.05,1.02,0.8508827041746071,0.9840606510999171,1.3221771659807473,0.7853955363987604,0.9445035340117782,1.095077334858274,1.132535802674623,1.0553453364812957,0.9507426293792653,0.9328392860907914,1.1822504147232433,1.0653517101896472,,,,,,,,,,,,,,,,,,,,
前月比_粗利,1.055,1.062,0.719290109325511,1.0312418192082446,1.4042356057774457,0.8934638047118664,0.9278076179513219,1.0329938912326366,1.1387173554807437,0.9570552777613428,1.0097091038624018,1.0930718930404784,0.9631073135267866,1.376351911090538,,,,,,,,,,,,,,,,,,,,
前月比_人件費,1.039,1.045,1.1762727232187098,1.0102136157580601,0.9807426215523743,1.037636119167689,1.000323330346328,1.0634585956815923,1.0370181372728142,0.8720430875730515,0.9954087623254908,1.0191763569921495,1.0039000755597525,0.8902254632264562,,,,,,,,,,,,,,,,,,,,
前月比_販管費(人件費以外),0.88,1.36,0.9275435839226639,0.8962735500239714,1.2745910923704136,1.077978824051131,1.0849226915566124,0.8541232439328401,1.0455817567114034,0.9079877609711313,0.9206016476914158,1.3297214274128126,1.0301193147592336,1.0373172700833206,,,,,,,,,,,,,,,,,,,,
,,,,,,,,,,,,,,,,,,,,,,,,,,,,,,,,,,
PG App,11月,12月,1月,2月,3月,4月,5月,6月,7月,8月,9月,10月,11月,12月,1月（見込み）,,"累計
（1月 - 12月）",,,,,,,,,,,,,,,,,
売上高,121100,112596,110162.061,99767.674,118109.416,94643.509,95502.693,102484.18,98685.978,80351,98012.484,117316.866,98137.267,156981.143,114290.47333333334,,1270154.2710000002,,,,,,,,,,,,,,,,,
原価,25497,29259,27432.204,27601.269,39656.807,35993.452,35831.234,45582.823,35291.228,15672.448,35393.275,61194.286,34236.565,85080.472,45716.18933333334,,478966.063,,,,,,,,,,,,,,,,,
粗利,95603,83337,82729.857,72166.405,78452.609,58650.05700000001,59671.459,56901.356999999996,63394.75,64678.551999999996,62619.208999999995,56122.579999999994,63900.702000000005,71900.67100000002,68574.284,,791188.208,,,,,,,,,,,,,,,,,
人件費,8806,8357,7936.678900000001,7956.047399999986,7758.4989,10319.966900000001,10074.559899999986,9631.799,8560.4545,8155.284499999999,8353.18,8015.4605,8943.415999999985,8545.877,9490,,104251.22349999996,,,,,,,,,,,,,,,,,
その他販管費,84482,59574,63155.916730988305,54882.02643446044,52335.52663587955,40373.29719304815,44221.8428311121,41601.12439220275,46335.43791921773,49655.43629469345,39562.00595042826,33118.21258796699,43424.45339029837,45367.28862745741,38438,,554032.5689877535,,,,,,,,,,,,,,,,,
管理部門コスト,8878,13145,4020.100138146087,4886.810530093426,4591.009634821714,6381.179842294133,8825.778338671547,7860.405977537089,8375.416334014957,7830.42832364983,7204.52903302826,6756.093890705702,10692.379342392534,8429.279052734939,7703,,85853.41043809023,,,,,,,,,,,,,,,,,
エンジニアコスト,3696,3050,3628.683075539679,4092.3311166605504,3301.341359885063,3370.5524766133817,3612.4351406731844,3799.5118054012496,3307.506074911664,3189.860137099045,3060.7159945689023,2762.642708951594,2959.73438131563,1990.5124653717417,3642,,39075.82673699169,,,,,,,,,,,,,,,,,
営業利益,-10258,-788,3988.478155325938,349.1895187855989,10466.232469413677,-1794.93941195566,-7063.157210456819,-5991.484175141093,-3184.0648281443573,-4152.457255442336,4438.778021974569,5470.170312375711,-2119.281114006517,7567.713854435926,9301.284,,7975.178337164689,,,,,,,,,,,,,,,,,
粗利率,0.789,0.74,0.750983199197771,0.7233445674998897,0.664236702347254,0.6196944472969615,0.6248144123014416,0.5552208838476339,0.6423886278960522,0.8049501810805092,0.6388901336282835,0.4783845828271614,0.6511359441057187,0.4580210694478127,,,0.6229071743994473,,,,,,,,,,,,,,,,,
営業利益率,-0.085,-0.007,0.03620555134063748,0.0035000266597936215,0.08861471696222491,-0.018965266936115607,-0.07395767583702398,-0.05846252733974252,-0.0322646123864158,-0.0516789741937541,0.04528788416355787,0.0466273136922675,-0.02159506962840647,0.04820778922749929,,,0.006278905263126646,,,,,,,,,,,,,,,,,
1人当たり粗利益,5617,5345,6107.504745696175,5226.761769128896,5686.011355216428,3309.9907444509035,3403.76553627629,3215.486540298114,3761.2609850969025,4383.512527312879,4189.837942265347,3771.781845292375,3755.1244250824748,4234.889331417934,,,,,,,,,,,,,,,,,,,,
1人当たり営業利益,-603,-51,294.448100662844,25.290582605148266,758.5613458364533,-101.29969422575977,-402.89497681386166,-338.5778079347973,-188.91310103941802,-281.42788970233494,296.9976924135624,367.62901981477023,-124.53954378813972,445.732010837206,,,,,,,,,,,,,,,,,,,,
"人数(正社員=1, Intern&Part Time=0.3)",17,16,13.5456066666666,13.8070966666666,13.7974766666666,17.7191,17.5310133333333,17.6960333333333,16.8546533333333,14.7549599999999,14.9454966666666,14.8795933333333,17.0169333333333,16.97817,,,,,,,,,,,,,,,,,,,,
前月比_売上,1.254,0.93,0.9783834328040073,0.9056445848448678,1.183844538662894,0.8013206076643373,1.0090781080401403,1.0731025145018684,0.9629386506288093,0.8142088838598731,1.219804159251285,1.196958399707531,0.8365145638991073,1.5996078533550357,,,,,,,,,,,,,,,,,,,,
前月比_粗利,1.295,0.872,0.9927146045573996,0.8723139095961449,1.0871070687253992,0.7475858068659006,1.0174151919409047,0.9535774380847634,1.1141166633337058,1.0202509198316894,0.968160341622985,0.8962518194696455,1.1385916684514505,1.1251937576523026,,,,,,,,,,,,,,,,,,,,
前月比_人件費,0.929,0.949,0.9497043077659448,1.0024403784308302,0.9751700197261285,1.3301499469182114,0.9762201756674224,0.9560515889135777,0.8887700521989712,0.9526695691215926,1.024265922298603,0.9595699482113399,1.1157707033800472,0.9555495349875277,,,,,,,,,,,,,,,,,,,,
前月比_販管費(人件費以外),1.577,0.705,1.0601255032562578,0.868992634027143,0.9536004778974061,0.7714319466763429,1.0953240360741858,0.9407370143094634,1.1138025377002148,1.0716513865966668,0.7967306080171559,0.8371216724820417,1.311195562712101,1.0447405801449443,,,,,,,,,,,,,,,,,,,,
,,,,,,,,,,,,,,124311.48430481095,,,-1,,,,,,,,,,,,,,,,,
CG,11月,12月,1月,2月,3月,4月,5月,6月,7月,8月,9月,10月,11月,12月,1月（見込み）,,"累計
（1月 - 12月）",,,,,,,,,,,,,,,,,
売上高,255755,340623,264694.2667441124,253960.58056111066,186855.35301314,103589.10406207167,92098.90965239657,284443.8646053423,60959.383854266904,50310.216707567844,461124.3962533575,9842.671759718283,7677.990603796131,438539.606509569,12151.56551724138,,2214096.3443264496,,,,,,,,,,,,,,,,,
原価,179816,243924,202530.0545270478,196753.58408667927,131375.2515681178,71639.72443180073,61345.97408601644,215388.28575710178,41814.450238455065,38627.853024159645,346979.5617614159,6313.37312114319,10468.402164550896,317018.5337655128,8627.611517241381,,1640255.0485320012,,,,,,,,,,,,,,,,,
粗利,75940,96699,62164.21221706463,57206.99647443139,55480.101445022214,31949.379630270938,30752.935566380133,69055.57884824055,19144.93361581184,11682.363683408199,114144.83449194161,3529.2986385750937,-2790.4115607547656,121521.07274405617,3523.954,,573841.2957944479,,,,,,,,,,,,,,,,,
人件費,3932,4463,4345.989,4305.872,4483.656,4464.374000000001,4139.34,2953.362,2971.184,2588.792999999985,2182.913999999985,2103.6039999999853,2192.8300000000004,1845.1419999999846,2543,,38577.05999999995,,,,,,,,,,,,,,,,,
その他販管費,12760,8204,7172.8369999999995,11004.462,7537.526000000001,6165.723999999999,15987.060000000001,5922.517999999999,6087.836,5463.27,16882.912,3454.149,27689.095999999998,3646.116000000001,5942,,117013.50599999998,24234.946999999996,7.016184594237249,,,,,,,,,,,,,,,
管理部門コスト,3288,6192,2193.3222177039765,2628.6021834349945,2527.302809716933,2747.229051450172,4082.3871549121313,2292.254297472673,2584.132036556684,2790.4881198303374,2137.8044509251317,1903.8054765925276,2373.9642406455578,1800.6675516841292,2145,,30061.959590925246,,,,,,,,,,,,,,,,,
エンジニアコスト,884,852,1077.2438807951182,973.24498435049,977.4608338097884,926.609420793781,989.0735350844319,852.5652022837585,894.1648685151381,890.1420622715556,1217.5213651260817,1200.6224008913819,1165.4736737343665,825.5200038533832,1029,,11989.642231509275,,,,,,,,,,,,,,,,,
営業利益,55076,76988,47374.820118565534,38294.815306645905,39954.15580149549,17645.44315802699,5555.074876383565,57034.879348484115,6607.616710740016,-50.32949869367985,91723.68267589042,-5132.8822389088,-36211.77547513469,113403.62718851867,-8135.046,,376199.12797201343,,,,,,,,,,,,,,,,,
粗利率,0.297,0.284,0.2348528851105059,0.22525935461336544,0.2969147019358913,0.3084241332092856,0.33391204827993193,0.24277401428240744,0.3140604842985429,0.23220658641390618,0.24753588276692812,0.35857120147183585,-0.3634299264934159,0.27710398545588283,,,0.2591762988385296,,,,,,,,,,,,,,,,,
営業利益率,0.215,0.226,0.17897939649884498,0.1507903912569258,0.21382398286810572,0.17034072567568165,0.060316402195745356,0.20051365645597022,0.10839375815438972,-0.0010003832618377315,0.19891309898401968,-0.5214927779991023,-4.716308907337157,0.25859380887195693,,,0.1699109114813416,,,,,,,,,,,,,,,,,
1人当たり粗利益,12046,13164,8411.55728885454,7702.778649543732,7304.466509629414,4188.194911531148,3792.437089541908,13381.506949535595,3681.5079682912697,2221.764515901968,25738.517559343352,841.7254361087934,-738.5623258427202,33505.61622476662,,,,,,,,,,,,,,,,,,,,
1人当たり営業利益,8737,10481,6410.376634148061,5156.300870717659,5260.332720583451,2313.113935274681,685.0491378589146,11052.150269349455,1270.6230306232576,-9.57171830385356,20682.77226620985,-1224.1745410314506,-9584.483340721185,31267.485755970378,,,,,,,,,,,,,,,,,,,,
"人数(正社員=1, Intern&Part Time=0.3)",6,7,7.39033333333333,7.4268,7.59536666666666,7.62843666666666,8.10901666666666,5.16052333333333,5.20029666666666,5.25814666666666,4.43478666666666,4.19293333333333,3.77816666666666,3.62688666666666,,,,,,,,,,,,,,,,,,,,
前月比_売上,1.032,1.332,0.7770886485766153,0.9594487394266898,0.7357651829283676,0.5543812494083972,0.889079121653663,3.0884607177099257,0.21431077073448673,0.8253071721958741,9.165621347522313,0.021344938241589766,0.7800717926222799,57.11645522107665,,,,,,,,,,,,,,,,,,,,
前月比_粗利,1.393,1.273,0.6428630308179467,0.9202561157644262,0.9698132197836848,0.5758709663126886,0.9625518843327645,2.24549551372695,0.27723949223400984,0.6102065391211235,9.77069688851196,0.03091947747161747,-0.7906419508555265,-43.54951593993056,,,,,,,,,,,,,,,,,,,,
前月比_人件費,1.067,1.135,0.9737819852117409,0.9907691897057265,1.041288733153238,0.995699491664838,0.9271938238149401,0.7134862079461943,1.0060344786721032,0.87130012816439,0.8432168968318432,0.9636678311651304,1.0424157778745504,0.8414432491346727,,,,,,,,,,,,,,,,,,,,
前月比_販管費(人件費以外),1.816,0.643,0.8743097269624572,1.5341854276069566,0.6849517950082431,0.8180036791912888,2.5928925783898213,0.37045698208426053,1.0279134651849098,0.8974075517145994,3.090257666196252,0.2045943851392461,8.016184594237249,0.13168057202011943,,,,,,,,,,,,,,,,,,,,
,,,,,,,,,,,,,,,,,,,,,,,,,,,,,,,,,,
D2C Creator,11月,12月,1月,2月,3月,4月,5月,6月,7月,8月,9月,10月,11月,12月,1月（見込み）,,"累計
（1月 - 12月）",,,,,,,,,,,,,,,,,
売上高,112326,197458,98583.37,110438.987,144182.289,122264.266,90554.115,164691.801,79589.036,98647.55,167203.4,118265.93,131055.474,192091.307,76360.538,,1517567.525,,,,,,,,,,,,,,,,,
原価,51128,165139,53634.349,42937.923,38257.549,67569.835,40926.699,81094.379,40354.617,43037.038,72654.818,69944.858,61211.615,107690.9,38180.269,,719314.5800000001,,,,,,,,,,,,,,,,,
粗利,61198,32318,44949.02099999999,67501.06399999998,105924.73999999999,54694.431,49627.416000000005,83597.422,39234.418999999994,55610.512,94548.582,48321.072,69843.859,84400.407,38180.269,,798252.945,,,,,,,,,,,,,,,,,
人件費,17574,17584,18412.126,17937.853,18985.847,18885.393199999853,18359.959399999858,17199.4176,19417.9698,15810.035800000001,15484.495999999852,13453.8888,14214.951600000002,13148.515999999985,13867,,201310.4541999995,,,,,,,,,,,,,,,,,
その他販管費,35028,56081,23844.018000000007,29435.612000000005,35786.32400000001,27419.485999999997,23188.201999999994,35968.77299999999,20793.997999999996,28303.653999999995,37745.581,31510.880999999994,39411.32899999999,40207.268,12430,,373615.12599999993,7900.447999999997,0.2507212667268807,,,,,,,,,,,,,,,
ロイヤリティ,16135,41622,21295.885,21522.37,28739.516,21876.924,18152.914,32274.481,12615.287,18579.606,34916.278,15318.928,22311.35,20089.812,13774,,267693.351,6992.421999999999,0.4564563525593957,,,,,,,,,,,,,,,
管理部門コスト,15912,23995,8010.1619217667685,10114.627699342554,9566.352615765123,10236.81586972013,14315.888905626063,12272.311114000153,14143.091956636736,14055.360638666054,11645.046831656724,9728.237424639045,13632.620293770044,9829.400158213817,10023,,137549.91542980322,,,,,,,,,,,,,,,,,
エンジニアコスト,4504,3417,5032.114642269847,5554.401888904974,6072.696525957109,6329.684899353817,6525.204897358859,6864.678672603976,3804.5958652753984,4456.660152536494,3769.7091392595776,2880.932018109909,3456.3767906130943,2111.6422679649,2101,,56858.69776020796,0.3180211561400987,,,,,,,,,,,,,,,,
営業利益,-27954,-110381,-31645.28456403663,-17063.800588247555,6774.003858277749,-30053.872969073796,-30914.75320298477,-20982.23938660411,-31540.523621912143,-25594.80459120254,-9012.528970916159,-24571.795242748936,-23182.768684383132,-986.231426178696,-14014.731,,-238774.59939001076,,,,,,,,,,,,,,,,,
粗利率,0.545,0.164,0.45594932492163737,0.6112068376722796,0.7346584711247024,0.4473460054142066,0.5480415329551838,0.5075991730760173,0.49296261108125494,0.5637292766013956,0.5654704509597293,0.4085798166893881,0.5329335499561049,0.4393765044245339,,,0.2798642760723681,,,,,,,,,,,,,,,,,
営業利益率,-0.249,-0.559,-0.32100023121583926,-0.15450884738962298,0.046982218865159985,-0.24581076672945304,-0.3413953435797453,-0.12740305989248432,-0.3962923187298329,-0.2594570730971275,-0.053901589147805365,-0.20776731931798903,-0.17689279185990456,-0.005134180414414568,,,-0.331947392738808,,,,,,,,,,,,,,,,,
1人当たり粗利益,1974.1290322580646,1154.2142857142858,1665.3953686550574,2362.021531965526,3684.3387826086955,1924.143874009102,1745.2166161149942,3025.767667444849,1378.5084763628056,2099.7248219095377,3913.8936823441045,2255.313989030792,3219.1554516362903,4263.0171408829465,,,,,,,,,,,,,,,,,,,,
1人当たり営業利益,-916,-3878,-1172.4818289750513,-597.1026531760557,235.617525505313,-1057.2918395236818,-1087.1599877967303,-759.4418584651396,-1108.1820572321255,-966.400858026126,-373.0788918781666,-1146.851906484441,-1068.5110654374787,-49.8139952651794,,,,,,,,,,,,,,,,,,,,
"人数(正社員=1, Intern&Part Time=0.3)",31,28,26.99,28.5776666666666,28.75,28.4253333333333,28.43625,27.6285,28.4615,26.4846666666666,24.1571666666666,21.42543,21.69633,19.79828,,,,,,,,,,,,,,,,,,,,
前月比_売上,0.922,1.758,0.4992624760708606,1.1202598064967753,1.3055379528245763,0.8479839434370473,0.7406425275558437,1.8187113970469482,0.48326046297836034,1.239461550960361,1.6949574520603907,0.7073177339695246,1.1081422519570938,1.4657251707013779,,,,,,,,,,,,,,,,,,,,
前月比_粗利,0.969,0.528,1.3908354786806112,1.501724898524486,1.5692306716824496,0.5163518078968143,0.907357752748173,1.6845008009282612,0.46932570480462893,1.4173909902934974,1.7001926182589362,0.5110713558877065,1.4454120347330042,1.2084155745174392,,,,,,,,,,,,,,,,,,,,
前月比_人件費,0.97,1.001,1.0470954276615105,0.9742412690419346,1.0584236028693068,0.9947090166690932,0.9721777675245862,0.9367895225302151,1.1289899606833198,0.8141961267238145,0.9794092939371997,0.8688619119408296,1.0565682392142264,0.9249778944023969,,,,,,,,,,,,,,,,,,,,
前月比_販管費(人件費以外),0.713,1.601,0.4251710561509247,1.2345072042807548,1.2157492767604086,0.7662001271770744,0.8456833217077809,1.5511669684436937,0.5781125199906042,1.3611453651193004,1.3335939239505967,0.8348230485576575,1.2507212667268808,1.0201956904320584,,,,,,,,,,,,,,,,,,,,
,,,,,,,,,,,,,,,,,,,,,,,,,,,,,,,,,,
DX / AI,11月,12月,1月,2月,3月,4月,5月,6月,7月,8月,9月,10月,11月,12月,1月（見込み）,,"累計
（1月 - 12月）",,,,,,,,,,,,,,,,,
売上高,26615,31756,35290.86,31833.284,22914.702,40572.907,50221.02,32769.167,99373.579,62628.873,82820.705,37327.802,48682.702,57081.06,45944.75,,601516.6610000001,,,,,,,,,,,,,,,,,
原価,2135,2653,1270.494,1558.226,2179.453,3601.763,9293.663,2177.096,50388.526,11824.289,26180.547,17816.322,4376.276,19328.491,22972.375,,149995.146,,,,,,,,,,,,,,,,,
粗利,24480,29103,34020.366,30275.058,20735.249,36971.144,40927.356999999996,30592.071,48985.053,50804.584,56640.158,19511.480000000003,44306.426,37752.568999999996,22972.375,,451521.51499999996,,,,,,,,,,,,,,,,,
人件費,9683,9248,11414.181,11583.182000000003,13502.006,11887.482,10668.612,11699.818,11807.073,11998.080999999986,11641.880499999997,12433.846000000001,11114.737499999987,9221.9125,11359,,138972.8115,,,,,,,,,,,,,,,,,
その他販管費,14765,5304,26141.518,20650.814,12057.992,13977.939999999999,8765.322000000002,11283.779000000002,9675.625,12141.502999999999,14993.273000000003,11672.197,12510.710999999998,15225.538999999999,13377,,169096.213,,,,,,,,,,,,,,,,,
管理部門コスト,8340,12837,5289.606434204337,6269.7737726133155,6353.332541407811,6208.513103205403,8412.16374437433,8166.410141141267,9327.694172569509,9962.263570457364,9051.240655195998,8723.484666120525,11894.408054188076,8257.2330567447,8059,,97916.12391222263,,,,,,,,,,,,,,,,,
エンジニアコスト,2808,2498,3311.992255656707,2784.263907329234,2838.1097499207594,2245.901749693691,2105.3683094868325,2350.970466777324,2000.1282145851576,2084.207982016874,2039.098576828205,1949.4298899074295,2045.62461609577,1375.6668539794823,2454,,27130.762572277465,,,,,,,,,,,,,,,,,
営業利益,-11117,-785,-12136.931689861049,-11012.975679942541,-14016.191291328567,2651.3071471009025,10975.890946138832,-2908.9066079185905,16174.53261284533,14618.52844752578,18914.665267975797,-15267.477556027952,6740.9448297161725,3672.2175892758096,-12276.625,,18405.604015499877,,,,,,,,,,,,,,,,,
粗利率,0.92,0.916,0.963999347139741,0.9510504162875562,0.9048884423633351,0.9112273862949973,0.814944758190893,0.9335626688343954,0.4929383996524871,0.8112006741682866,0.6838888657129881,0.522706373121032,0.9101061399591174,0.6613852125380992,,,0.7506384183097463,,,,,,,,,,,,,,,,,
営業利益率,-0.418,-0.025,-0.34391147424180224,-0.345957887346544,-0.6116680588439931,0.065346738578552,0.21855173284291782,-0.08876962322290921,0.16276491976650384,0.23341516056860515,0.22838087731776488,-0.40901089102508503,0.13846694108548396,0.06433338114736849,,,0.030598660367779695,,,,,,,,,,,,,,,,,
1人当たり粗利益,1531,1911,1908.7718963573927,1709.055823969378,1085.9659376877241,2144.5422788135834,2449.3563715506057,1663.9747829790426,2609.6115393521686,2706.4023012998086,3016.5573599657923,1015.5582197068969,2340.544734282814,2269.925068509001,,,,,,,,,,,,,,,,,,,,
1人当たり営業利益,-695,-52,-680.9636944416238,-621.6929534879478,-734.0691360155907,153.79129926513798,656.8679336505838,-158.2222805908642,861.6760494289791,778.741127611644,1007.3625275798441,-794.6610060443775,356.0992016210729,220.7971267575685,,,,,,,,,,,,,,,,,,,,
"人数(正社員=1, Intern&Part Time=0.3)",16,15,17.8231699999999,17.7144933333333,19.09383,17.2396433333333,16.7094333333333,18.3849366666666,18.7710133333333,18.772,18.7764233333333,19.2125666666666,18.9299633333333,16.6316366666666,,,,,,,,,,,,,,,,,,,,
前月比_売上,1.25,1.193,1.1113131376747702,0.9020263036944977,0.7198346862359536,1.770605919291466,1.237796936758808,0.6524990332733187,3.0325329600230604,0.6302366648181204,1.322404524188069,0.45070616097749955,1.3041941767693688,1.172512158425389,,,,,,,,,,,,,,,,,,,,
前月比_粗利,1.211,1.189,1.1689642304917018,0.8899098263669474,0.6848954343869464,1.7830094058672747,1.1070081304489792,0.7474724302377992,1.6012336333816695,1.0371446163383757,1.114863139121462,0.3444813836854057,2.270787556863959,0.8520788609760579,,,,,,,,,,,,,,,,,,,,
前月比_人件費,1.292,0.955,1.2342323745674741,1.0148062309507797,1.165656034757979,0.88042339782696,0.8974660908003897,1.0966579345091938,1.0091672366185527,1.0161774217877695,0.9703118773743911,1.0680272830493325,0.8939098570144737,0.8297013312280215,,,,,,,,,,,,,,,,,,,,
前月比_販管費(人件費以外),2.123,0.359,4.928642156862745,0.7899623120585422,0.5838991140978753,1.1592261796159757,0.6270825314745951,1.2873205342598937,0.8574809024529813,1.2548546476325817,1.2348778400828961,0.7784955959916156,1.0718385750343313,1.2170002967856903,,,,,,,,,,,,,,,,,,,,
,,,,,,,,,,,,,,137401437.0378278,,,,,,,,,,,,,,,,,,,,
GROVE,11月,12月,1月,2月,3月,4月,5月,6月,7月,8月,9月,10月,11月,12月,1月（見込み）,0.0,"累計
（1月 - 12月）",,,,,,,,,,,,,,,,,
売上高,233760,375401,205133.449491976,286150.167342935,311608.800058536,250661.111759251,299157.91840735095,385094.207579164,307867.56552809,370378.378130378,416003.790872188,268089.656010815,577720.889771196,429262.878533566,444444.44444444444,0.0,4107128.813485446,,,,,,,,,,,,,,,,,
原価,134797,199195,96412.69390559,141536.832928695,171886.96803702498,117826.61639575902,146991.69304473794,208307.935237719,191803.41288048401,206680.67033777802,131499.683506785,165031.962624845,362428.470312003,234027.437523637,244444.44444444444,0.0,2174434.376735058,,,,,,,,,,,,,,,,,
粗利,98963,176206,108720.755586386,144613.33441424,139721.832021511,132834.495363492,152166.225362613,176786.272341445,116064.152647606,163697.7077926,284504.107365402,103057.693385969,215292.419459192,195235.441009928,200000,0.0,1932694.4367503838,,,,,,,,,,,,,,,,,
人件費,34528,42525,46092.234,54635.751,45518.952,41135.88,42689.7103371731,33356.145,44869.328,45330.1490851301,47123.750512927,49476.655,48715.693,55318.3019999999,51879,0.0,554262.54993523,,,,,,,,,,,,,,,,,
その他販管費,61331,64400,40201.1179999999,67522.821,59374.761,66093.945,74868.251,60922.409,59612.49,70659.891,73090.305,71442.7359999999,89612.904,46135.6169999999,72735,0.0,779537.2479999997,0.25433191696354013,,,,,,,,,,,,,,,,
管理部門コスト,0,0,14828.7957330806,17425.7832416126,19588.2509480506,20019.9669578908,32473.7057543691,29284.4573494576,32778.0095512748,36814.2938094426,33874.7451813628,31725.9512469168,34595.8561796006,35947.518037828,28589,0.0,339357.3339908868,,,,,,,,,,,,,,,,,
エンジニアコスト,0,0,0,0,0,0,0,0,0,0,0,0,0,0,0,0.0,0,,,,,,,,,,,,,,,,,
営業利益 ,3104,69281,7598.6078533055115,5028.9791726274125,15239.868073460428,5584.703405601176,2134.558271070826,53223.260991987394,-21195.674903668798,10893.37389802729,130415.306671112,-49587.648860947,42367.966279592,57834.0039721008,46797,0.0,259537.30482426728,,,,,,,,,,,,,,,,,
粗利率,0.423,0.469,0.5300001333553294,0.5053756765444383,0.4483885949153687,0.529936592202917,0.5086484963283324,0.45907279014344293,0.3769937649928123,0.44197425513585537,0.68389787210572,0.384415030850023,0.372658187147185,0.454815570535438,,0.0,0.47057068928652257,,,,,,,,,,,,,,,,,
営業利益率,0.013,0.185,0.03704226625215864,0.01757461552206769,0.04890705291569944,0.022279895618451732,0.007135222368288732,0.1382084174326259,-0.06884672916847064,0.029411473620613676,0.31349547656209,-0.184966662268187,0.0733363931090871,0.134728640337295,0,0.0,0.06319190768307442,,,,,,,,,,,,,,,,,
1人当たり粗利益,1497,2698,1598.2935715936458,2157.058902328898,1973.7737524613965,1875.9276809159944,2019.602706000468,2293.928903634984,1486.232704959507,2037.8989924844843,3387.82952059315,1184.32266209083,2415.05525835598,2117.23362583924,0,0.0,,,,,,,,,,,,,,,,,,
1人当たり営業利益,47,1061,111.70641722913084,75.0124761169631,215.2852647232654,78.86881852191246,28.330594717042356,690.6100520034888,-271.41632043071473,135.61335702802145,1552.96466532255,-569.853393534395,475.26513012583,627.181710929346,0,0.0,,,,,,,,,,,,,,,,,,
"人数(正社員=1, Intern&Part Time=0.3)",66,65,68.02302,67.0419033333333,70.7891833333333,70.81003,75.3446333333333,77.0670233333333,78.0928533333333,80.3267033333333,83.9782833333333,87.0182566666666,89.14596,92.2125166666666,0,0.0,,,,,,,,,,,,,,,,,,
前月比_売上,1.08,1.606,0.5464382073888349,1.3949464022157343,1.088969483932156,0.8044096049667535,1.1934755906399992,1.2872606201745165,0.7994603903898022,1.2030444892597318,1.21317564847611,0.644440415912418,2.15495404920766,0.743028140636517,0,0.0,,,,,,,,,,,,,,,,,,
前月比_粗利,0.971,1.781,0.6170093843931875,1.3301354799667016,0.9661753017967386,0.9507067967949442,1.1455324533452031,1.161797053979372,0.6565224273943606,1.4104071244944942,1.87278150349084,0.362236223372367,2.08904752654305,0.906838436301444,0,0.0,,,,,,,,,,,,,,,,,,
前月比_人件費,0.984,1.232,1.0838855731922399,1.1853569735847476,0.833134919294877,0.9037088551599343,1.037773115274867,0.7813626453903184,1.3451592802465635,1.0102702916595965,1.03956751663067,1.04993033155176,0.984619776741172,1.13553351278406,0,0.0,,,,,,,,,,,,,,,,,,
前月比_その他販管費,1.46,1.05,0.6242409627329177,1.679625452207577,0.8793287975927427,1.1131656597320874,1.1327550655358822,0.8137282250656557,0.9784985685644834,1.1853202407750458,1.03439594889836,0.977458446780321,1.25433191696353,0.514832294688273,0,0.0,,,,,,,,,,,,,,,,,,
,,,,,,,,,,,,,,45933.303789784404,0.9675726123361266,,,,,,,,,,,,,,,,,,,
ENGAWA,11月,12月,1月,2月,3月,4月,5月,6月,7月,8月,9月,10月,11月,12月,1月（見込み）,0.0,"累計
（1月 - 12月）",,,,,,,,,,,,,,,,,
売上高,70082,154999,41178.8524595045,43426.1656084394,99818.2896208807,67496.5872955117,44811.2770396069,173928.998950962,65788.8683808401,72836.9028660017,95120.1653953645,83795.1638685944,103700.182599101,144322.888513474,46666.66666666667,0.0,1036224.3425982809,,,,,,,,,,,,,,,,,
原価,27314,49074,18982.4205733158,20068.7378436346,46120.9738201028,18804.2647408744,15878.3783793452,62666.471393478,31484.0072083997,39251.8510990062,35185.2992135604,44847.2206747689,56227.4625115805,50916.8646361687,18666.66666666667,0.0,440433.9520942352,,,,,,,,,,,,,,,,,
粗利,42768,105924,22196.4318861887,23357.4277648048,53697.3158007778,48692.3225546372,28932.8986602616,111262.527557484,34304.8611724404,33585.0517669955,59934.866181804,38947.9431938254,47472.720087521,93406.0238773054,28000,0.0,595790.3905040459,,,,,,,,,,,,,,,,,
人件費,28663,35069,33747.758,31282.387,28572.884,33851.743,31109.017,31298.354,30590.091,31009.302,28648.2849999999,32429.6707049396,35885.6508347622,42286.2279999999,36386,0.0,390711.37053970154,,,,,,,,,,,,,,,,,
その他販管費,24906,24868,21530.0219999999,14942.1009999999,13307.364,12812.508,16509.275,19958.162,16044.47,12291.8509999999,17455.973,15656.6929999999,13324.5219999999,14938.9709999999,23020,0.0,188771.91199999943,,,,,,,,,,,,,,,,,
管理部門コスト,0,0,9040.63105895102,11879.2407464097,13231.4809744484,13746.019577088,21360.2905661097,18686.7094269559,19962.9493834353,21269.4650066902,19474.4082038261,18413.5172534945,19913.5896099061,19887.5580048821,17770,0.0,206865.85981219704,,,,,,,,,,,,,,,,,
エンジニアコスト,0,0,0,0,0,0,0,0,0,0,0,0,0,0,0,0.0,0,,,,,,,,,,,,,,,,,
営業利益 ,-10801,45987,-42121.9791727622,-34746.3009816049,-1414.41317367057,-11717.9480224507,-40045.683905848,41319.3021305286,-32292.6492109949,-30985.5662396947,-5643.80002202207,-27551.9377646087,-21651.0423571472,16293.2668724233,-49176,0.0,-190558.75184785214,,,,,,,,,,,,,,,,,
粗利率,0.61,0.683,0.539025022807927,0.537865303960098,0.537950670210092,0.721404214726499,0.645661105232261,0.639700844761682,0.521438687375737,0.461099393926483,0.630096320088241,0.464799415571317,0.457788201502475,0.647201735215997,,0.0,0.5749627431161588,,,,,,,,,,,,,,,,,
営業利益率,-0.154,0.297,-1.02290318104869,-0.800123623506199,-0.0141698798791549,-0.173608007337431,-0.893651923163296,0.237564192168887,-0.490852784152761,-0.425410266231376,-0.059333370569361,-0.328801048802948,-0.208784997427138,0.112894545281375,,0.0,-0.18389719678852126,,,,,,,,,,,,,,,,,
1人当たり粗利益,745,1878,389.777179949929,390.777283470958,883.113399524649,793.238520305284,482.316156882605,1852.20837549208,597.078198022259,600.864874944421,1030.45429519337,639.059495295603,725.870509300218,1428.49379749921,0,0.0,,,,,,,,,,,,,,,,,,
1人当たり営業利益,-188,815,-739.676824637964,-581.316797593414,-23.2616324951307,-190.895140397402,-667.56810605127,687.850250715474,-562.055526280799,-554.357888529222,-97.0333020560031,-452.073357369435,-331.050192904245,249.179118242193,0,0.0,,,,,,,,,,,,,,,,,,
人数(Intern &Part-time),57,56,56.9464633333333,59.7717133333333,60.8045533333333,61.3842133333333,59.9874133333333,60.0702,57.4545533333333,55.8945166666666,58.1635366666666,60.9457233333333,65.4010866666666,65.38777,0,0.0,,,,,,,,,,,,,,,,,,
前月比_売上,0.831,2.212,0.265671729878932,1.05457444816231,2.2985747929235,0.676194588705838,0.663904337021003,3.8813667103759,0.378251290915487,1.10713110984614,1.30593369092529,0.880940056404464,1.23754376519534,1.39173225057295,0,0.0,,,,,,,,,,,,,,,,,,
前月比_粗利,0.82,2.477,0.209550544599795,1.05230551849815,2.29893960676994,0.906792487268643,0.594198369317798,3.84553683555736,0.308323583200252,0.979017276827717,1.78456971266909,0.649837826878303,1.2188761766256,1.96757261233612,0,0.0,,,,,,,,,,,,,,,,,,
前月比_人件費,0.985,1.224,0.962324503122415,0.926947117494442,0.913385669706087,1.18475065380169,0.918978293082279,1.00608624181214,0.977370599105627,1.0137041436065,0.923861007900145,1.13199344061746,1.10656846198861,1.17836034783679,0,0.0,,,,,,,,,,,,,,,,,,
前月比_その他販管費,1.111,0.998,0.865772156988901,0.694012342393333,0.890595238246616,0.962813371603872,1.2885279759435,1.208906024038,0.803905189265424,0.766111376692405,1.4201256588613,0.89692468016535,0.851043192837721,1.12116374606158,0,0.0,,,,,,,,,,,,,,,,,,
,,,,,,,,,,,,,,93665919,,,,,,,,,,,,,,,,,,,,
LYFT,11月,12月,1月,2月,3月,4月,5月,6月,7月,8月,9月,10月,11月,12月,1月（見込み）,0.0,"累計
（1月 - 12月）",,,,,,,,,,,,,,,,,
売上高,121943,182159,112709.983778902,95530.763293321,121856.652086306,132982.204974649,163815.773667804,162547.903,189298.271,182450.004332367,153069.222559855,144944.243575027,167756.883405353,213699.563783389,160191.898,0.0,1840661.469456973,,,,,,,,,,,,,,,,,
原価,44373,86605,45805.3798877697,47381.2115449473,62283.5809560949,56943.1095687243,68362.9357202491,71080.926,79214.345,77697.5587994874,62782.6669013798,59951.4701331676,67961.024528871,109313.822627142,68406.51899999999,0.0,808778.0316678331,,,,,,,,,,,,,,,,,
粗利,77569,95554,66904.6038911323,48149.5517483736,59573.0711302116,76039.0954059254,95452.8379475557,91466.9769999999,110083.926,104752.44553288,90286.5556584753,84992.7734418601,99795.8588764822,104385.741156247,91785.379,0.0,1031883.4377891431,14803.085434622102,,,,,,,,,,,,,,,,
人件費,15939,16642,16024.997,14846.833,15410.437,15843.865,19346.5989999999,19141.263,19883.298,20316.8909999999,21629.709,21082.642,19612.186,21159.272,20187,0.0,224297.9919999998,0.1218572756163422,,,,,,,,,,,,,,,,
その他販管費,48262,47911,59432.182,50020.035,54799.9599999999,57182.958,57834.892,69557.969,57159.154,68547.069,65766.443,62539.801,62567.0019999999,72506.647,66991,0.0,737914.1119999997,0.1741687538264445,,,,,,,,,,,,,,,,
管理部門コスト,0,0,0,0,-2.79396772384643e-12,0,0,0,0,0,0,0,0,0,0,0.0,-2.79396772384643e-12,,,,,,,,,,,,,,,,,
エンジニアコスト,0,0,0,0,0,0,0,0,0,0,0,0,0,0,0,0.0,0,,,,,,,,,,,,,,,,,
営業利益 ,13368,31001,-8552.57510886766,-16717.3162516263,-10637.3258697883,3012.27240592541,18271.3469475557,2767.74499999996,33041.474,15888.4855328801,2890.40365847531,1370.33044186014,17616.6708764822,10719.8221562471,4607.379000000001,0.0,69671.33378914348,,,,,,,,,,,,,,,,,
粗利率,0.636108673724609,0.52456370533435,0.593599623103273,0.504021428160618,0.488878285348084,0.571799026948159,0.582684046904546,0.562707825274128,0.58153688049269,0.574143288821487,0.589841342031839,0.58638253817831,0.594883839343534,0.488469603344883,0,0.0,0.560604682018778,,,,,,,,,,,,,,,,,
営業利益率,0.10962498872424,0.170186485433055,-0.0758812557869305,-0.174994061340187,-0.0872937643342962,0.0226516954392479,0.111535943935456,0.0170272574971328,0.17454715156907,0.0870840512776102,0.018882983856177,0.00945419016348048,0.105013103002842,0.0501630511848538,0,0.0,0.037851248013409944,,,,,,,,,,,,,,,,,
1人当たり粗利益,2216.25714285714,2654.27777777777,2024.32912452526,1394.32905067577,1645.88606692772,2177.87536258042,2450.17097503182,2255.98346198725,2641.52712639789,2494.44378376213,2121.4486347391,1845.99515182777,2309.11080450666,2319.46304553428,0,0.0,,,,,,,,,,,,,,,,,,
1人当たり営業利益,381.942857142857,861.138888888888,-258.774820799221,-484.105019726672,-293.888263712087,86.2760639539985,469.005688340393,68.264931801538,792.849174612202,378.348531810145,67.9153485299865,29.7628051143223,407.620571818228,238.195668016548,0,0.0,,,,,,,,,,,,,,,,,,
"人数(正社員=1, Intern&Part Time=0.3)",35,36,33.0502599999999,34.5324166666666,36.1951366666666,34.9143466666666,38.9576233333333,40.54417,41.6743499999999,41.9943099999999,42.5589166666666,46.0417099999999,43.2183066666666,45.00427,0,0.0,,,,,,,,,,,,,,,,,,
前月比_売上,0.963,1.49380448242211,0.618745073144352,0.847580312678593,1.27557498637536,1.09130033279154,1.231862366089,0.992260387144549,1.16456913627486,0.963822877877038,0.83896529967196,0.946919577633248,1.15738907091206,1.27386465130628,0,0.0,,,,,,,,,,,,,,,,,,
前月比_粗利,1.144,1.2318580876381,0.700175857537437,0.719674715161948,1.23725079397491,1.27640046019657,1.25531264460725,0.95824261453865,1.20353738158417,0.951568946885852,0.861904036695122,0.94136688261052,1.17416875382644,1.04599271283837,0,0.0,,,,,,,,,,,,,,,,,,
前月比_人件費,0.975,1.0441056528013,0.962924948924408,0.926479611821456,1.03796122715194,1.02812561382912,1.2210782533176,0.989386454952625,1.03876625069098,1.02180689541543,1.06461707157852,0.974707611646555,0.930252764335703,1.07888391431735,0,0.0,,,,,,,,,,,,,,,,,,
前月比_その他販管費,0.919,0.992727197380962,1.24047049738055,0.841632148050697,1.09556020902424,1.04348539670466,1.0114008442865,1.20269903849738,0.821748461344522,1.19923169261742,0.959434793630636,0.950937866595582,1.00043493902387,1.15886401269474,0,0.0,,,,,,,,,,,,,,,,,,
,,,,,,,,,,,,,,44876926.85640885,,,,,,,,,,,,,,,,,,,,
AnyReach,11月,12月,1月,2月,3月,4月,5月,6月,7月,8月,9月,10月,11月,12月,1月（見込み）,0.0,"累計
（4月 - 12月）",,,,,,,,,,,,,,,,,
売上高,0,0,0,,,17236.1141452457,18990.40764413,17659.4895989979,14230.4582631286,25156.0794186191,27921.2336168449,25401.7273275375,21857.16605944,39498.7447892788,30132.04105263158,0.0,207951.4208632225,,,,,,,,,,,,,,,,,
原価,0,0,0,,,1211.98979926221,39.3569785371332,1075.71376745841,718.690912281651,626.62543388877,937.938684798048,0,3760.75597786388,6480.7649343282,1506.6020526315806,0.0,14851.836488418303,,,,,,,,,,,,,,,,,
粗利,0,0,0,,,16024.1243459835,18951.0506655929,16583.7758315395,13511.767350847,24529.4539847304,26983.2949320468,25401.7273275375,18096.4100815761,33017.9798549506,28625.439,0.0,193099.58437480428,,,,,,,,,,,,,,,,,
人件費,0,0,0,,,4818.219,7302.256,7281.12399999999,9510.61,12287.295,14211.712,14146.9519999999,11092.3437127546,18185.8729999999,23543,0.0,98836.3847127544,,,,,,,,,,,,,,,,,
その他販管費,0,0,0,,,15944.5659999999,10941.606,13272.252,13267.658,13434.907,12951.073,11877.178,16242.7699999999,24697.896,22188,0.0,132629.90599999978,,,,,,,,,,,,,,,,,
管理部門コスト,0,0,0,,,0,1040.05885722579,1173.90900041087,1780.40564211376,3540.09708717527,2372.1671243936,2958.00728095915,3593.27269075498,1993.15785640895,7067,0.0,18451.075539442372,,,,,,,,,,,,,,,,,
エンジニアコスト,0,0,0,,,0,0,0,0,0,0,0,0,0,0,0.0,0,,,,,,,,,,,,,,,,,
営業利益 ,0,0,0,,,-4738.660654016401,-332.870191632842,-5143.50916887134,-11046.9062912667,-4732.84510244486,-2551.65719234674,-3580.40995342161,-12831.9763219334,-11858.9470014583,-24172.561,0.0,-56817.78187739226,,,,,,,,,,,,,,,,,
粗利率,0,0,0,,,0.929683118303291,0.997927533769961,0.939085795122897,0.949496291757252,0.975090497073841,0.966407691806561,1,0.827939451636291,0.835924787764717,0,0.0,0.9285802596261805,,,,,,,,,,,,,,,,,
営業利益率,0,0,0,,,-0.274926274802115,-0.0175283331390589,-0.291260352686705,-0.776286053969844,-0.188139217709015,-0.0913876953777331,-0.140951436382838,-0.587083260795897,-0.300236047113,0,0.0,-0.2732262258249414,,,,,,,,,,,,,,,,,
1人当たり粗利益,0,0,0,,,1780.45826066483,1590.71265562879,1162.76954486601,791.679450481509,1079.24212834088,1248.42554416688,1011.40476403769,705.519664962796,1365.54776021648,0,0.0,,,,,,,,,,,,,,,,,,
1人当たり営業利益,0,0,0,,,-526.517850446273,-27.9404469892158,-360.636556840596,-647.258680163889,-208.234794979536,-118.056524486914,-142.558954255558,-500.276662313155,-490.458792073533,0,0.0,,,,,,,,,,,,,,,,,,
"人数(正社員=1, Intern&Part Time=0.3)",0,0,0,,,9,11.91356,14.2623066666666,17.06722,22.7284066666666,21.61386,25.1152933333333,25.64976,24.1792933333333,0,0.0,,,,,,,,,,,,,,,,,,
前月比_売上,0,0,0,,,0.81344632333974,1.10178010450042,0.929916299319487,0.805825003228641,1.76776312845798,1.10991991845037,0.909763790386849,0.860459833207683,1.80713019619574,0,0.0,,,,,,,,,,,,,,,,,,
前月比_粗利,0,0,0,,,0.908448571119878,1.18265748919647,0.875084770980461,0.814758200309843,1.8154141754959,1.10003650912262,0.941387157925218,0.712408642461024,1.82455966161852,0,0.0,,,,,,,,,,,,,,,,,,
前月比_人件費,0,0,0,,,1.14392663817663,1.51555087056026,0.997106099813536,1.30620080086536,1.29195656219737,1.15661844205742,0.99544319502112,0.78408011229236,1.6394977897312,0,0.0,,,,,,,,,,,,,,,,,,
前月比_その他販管費,0,0,0,,,0.89970466087349,0.686227897328782,1.21300766998921,0.999653864317826,1.01260576659422,0.963986799462028,0.917080615637021,1.36756138537285,1.52054704954881,0,0.0,,,,,,,,,,,,,,,,,,
,,,,,,,,,,,,,,,,,,,,,,,,,,,,,,,,,,
NADESIKO,11月,12月,1月,2月,3月,4月,5月,6月,7月,8月,9月,10月,11月,12月,12月（見込み）,0.0,"累計
（4月 - 12月）",,,,,,,,,,,,,,,,,
売上高,0,0,0,,,0,0,0,0,0,0,12316.0586436579,23754.8935436574,5682.00169592019,0,0.0,41752.95388323549,,,,,,,,,,,,,,,,,
原価,0,0,0,,,0,0,0,0,0,0,813.226042501117,809.822779897939,790.062235812362,0,0.0,2413.111058211418,,,,,,,,,,,,,,,,,
粗利,0,0,0,,,0,0,0,0,0,0,11502.8326011568,22945.0707637594,4891.93946010783,0,0.0,39339.84282502403,,,,,,,,,,,,,,,,,
人件費,0,0,0,,,0,0,0,0,0,0,2157.957,2121.05,2109.838,0,0.0,6388.844999999999,,,,,,,,,,,,,,,,,
その他販管費,0,0,0,,,0,0,0,0,0,0,4968.529,573.819999999999,929.002,0,0.0,6471.350999999999,,,,,,,,,,,,,,,,,
管理部門コスト,0,0,0,,,0,0,0,0,0,0,0,0,0,0,0.0,0,,,,,,,,,,,,,,,,,
エンジニアコスト,0,0,0,,,0,0,0,0,0,0,0,0,0,0,0.0,0,,,,,,,,,,,,,,,,,
営業利益 ,0,0,0,,,0,0,0,0,0,0,4376.34660115685,20250.2007637594,1853.09946010783,0,0.0,26479.64682502408,,,,,,,,,,,,,,,,,
粗利率,0,0,0,,,0,0,0,0,0,0,0.933970268733668,0.96590922293928,0.860953537486684,0,0.0,2.760833029159632,,,,,,,,,,,,,,,,,
営業利益率,0,0,0,,,0,0,0,0,0,0,0.355336616021263,0.852464387034321,0.326134971314492,0,0.0,1.5339359743700762,,,,,,,,,,,,,,,,,
1人当たり粗利益,0,0,0,,,0,0,0,0,0,0,2300.56652023137,4589.01415275189,978.387892021566,0,0.0,7867.968565004826,,,,,,,,,,,,,,,,,
1人当たり営業利益,0,0,0,,,0,0,0,0,0,0,875.269320231371,4050.04015275189,370.619892021566,0,0.0,5295.929365004827,,,,,,,,,,,,,,,,,
"人数(正社員=1, Intern&Part Time=0.3)",0,0,0,,,0,0,0,0,0,0,5,5,5,0,0.0,15,,,,,,,,,,,,,,,,,
前月比_売上,0,0,0,,,0,0,0,0,0,0,0,1.9287739877635,0.239192892423518,0,0.0,2.1679668801870178,,,,,,,,,,,,,,,,,
前月比_粗利,0,0,0,,,0,0,0,0,0,0,0,1.99473221591104,0.213202195385441,0,0.0,2.207934411296481,,,,,,,,,,,,,,,,,
前月比_人件費,0,0,0,,,0,0,0,0,0,0,0,0.982897249574481,0.99471393885104,0,0.0,1.977611188425521,,,,,,,,,,,,,,,,,
前月比_その他販管費,0,0,0,,,0,0,0,0,0,0,0,0.11549092296734,1.6189780767488,0,0.0,1.73446899971614,,,,,,,,,,,,,,,,,
