POKKT-Brand ,Unnamed: 1,Unnamed: 2,Unnamed: 3,Unnamed: 4,*** POKKT FIN PROVIDE ALLOCATION BASE AND SUPPORT FTE***,Unnamed: 6,Unnamed: 7,Unnamed: 8,Unnamed: 9,Unnamed: 10,Unnamed: 11,Unnamed: 12,Unnamed: 13,Unnamed: 14,Unnamed: 15,Unnamed: 16,Unnamed: 17,Unnamed: 18,POKKT-App,Unnamed: 20,Unnamed: 21,Unnamed: 22,Unnamed: 23,*** POKKT FIN PROVIDE ALLOCATION BASE AND SUPPORT FTE***.1,Unnamed: 25,Unnamed: 26,Unnamed: 27,Unnamed: 28,Unnamed: 29,Unnamed: 30,Unnamed: 31,Unnamed: 32,Unnamed: 33,Unnamed: 34,Unnamed: 35
SG&A items,Sub-items,POKKT ACCT CoA#,Descripitions,Allocation base,2025-01-01 00:00:00,2025-02-01 00:00:00,2025-03-01 00:00:00,2025-04-01 00:00:00,2025-05-01 00:00:00,2025-06-01 00:00:00,2025-07-01 00:00:00,2025-08-01 00:00:00,2025-09-01 00:00:00,2025-10-01 00:00:00,2025-11-01 00:00:00,2025-12-01 00:00:00,,,SG&A items,Sub-items,POKKT ACCT CoA#,Descripitions,Allocation base,2025-01-01 00:00:00,2025-02-01 00:00:00,2025-03-01 00:00:00,2025-04-01 00:00:00,2025-05-01 00:00:00,2025-06-01 00:00:00,2025-07-01 00:00:00,2025-08-01 00:00:00,2025-09-01 00:00:00,2025-10-01 00:00:00,2025-11-01 00:00:00,2025-12-01 00:00:00
IT Platform,,,,4% *Brand revenue,,,,,,,,,,,,,,,,,,,,,,,,,,,,,,,
IT expenses,Hosting Allocation,41430,Pubmatic,local brand revenue/TTL brand,56041.01,93320.42,77939.94,86998.18,80494.61,68566.88,73455.76,67914.68,70466.78,96082.49,62923.11,77311.1,,,,,,,,,,,,,,,,,,,
,,41410,AWS,,,,,,,,,,,,,,,,,,,,,,,,,,,,,,,,
,,41411,Searce (Appads server hosting),,,,,,,,,,,,,,,,,,,,,,,,,,,,,,,,
,Tech Cost,41401,Human Analytics,brand revenue/TTL MMPL+local brand,20535.77,22600.21,18645,10771.2,10561.24,10629.83,10883.56,9946.02,10044.47,10150.76,8597.33,8667,,,,,,,,,,,,,,,,,,,
,,41401,"G Suite,Webexpenses, Greenhouse, Slack, Hubspot, Netsuite, Funnel AB (from AHS)",,,,,,,,,,,,,,,,,,,,,,,,,,,,,,,,
,,41430,"Trustworthy, ScientiaMobile, Digital Envoy, IAB",,,,,,,,,,,,,,,,,,,,,,,,,,,,,,,,
,,Others (if any),,,,,,,,,,,,,,,,,,,,,,,,,,,,,,,,,
Tech Support,Salary Allocation,,Ops /Tech,local brand revenue/TTL brand,74586.58,69373.49,73079.26,72333.14,69638.6,69592.63,66253.94,67390.02,67733.73,72235.58,66611.91,35679.32,,,Tech Support,Salary Allocation,,Ops /Tech,local App revenue/TTL App,18324,14470.07,27597.64,14971.64,14902.27,14912.85,17823.26,17021.78,38429.97,15547.52,15421.03,7620.68
,Indirect Expense,,"All MMIN SGA exclude expense related to domestic operations (ie. demestic marketing fees, Audit fees, Dep. Bad debt etc.)",brand revenue/TTL MMPL+local brand,34189.74,19615.27,11435.17,21033.25,26826.92,16751.09,19112.65,16920.96,14417.51,20404.5,19605.37,23425.17,,,,,,,,,,,,,,,,,,,
,,,,,,,,,,,,,,,,,,,,,,,,,,,,,,,,,,,
,,,Total for allocation,,185353.099999999,204909.389999999,181099.37,191135.77,187521.37,165540.43,169705.91,162171.68,162662.49,198873.33,157737.72,145082.59,,,,,,Total for allocation,,18324,14470.07,27597.64,14971.64,14902.27,14912.85,17823.26,17021.78,38429.97,15547.52,15421.03,7620.68
,,,,,,,,,,,,,,,,,,,,,,,,,,,,,,,,,,,
,Salary Allocation,FTE ,HC support brand business, Full-time ,28,29,29,29,29,28,28,26,26,26,26,27,,,,Salary Allocation,FTE ,HC support App performance, Full-time ,7,7,7,7,7,7,8,8,7,7,7,7
,,,,Non Full-time,0,0,0,0,0,0,0,0,0,0,0,0,,,,,,,Non Full-time,0,0,0,0,0,0,0,0,0,0,0,0
,,,,,,,,,,,,,,,,,,,,,,,,,,,,,,,,,,,
,,,Sharing out HC, Full-time ,13.2933121349378,15.973038865468,13.9754058269017,12.9770003062101,15.7217107623714,14.1816095861307,12.8983022697167,12.3490920232018,10.2655112185946,9.85258416160159,14.4370076919519,14.8868632849032,,,,,,Sharing out HC,Full-time,3.6975943126293,2.13066736418841,4.16309076284124,4.38703606404878,3.56161992191156,4.60789931929713,5.02379910978465,4.79874923381688,2.94139674146988,4.57790415395251,3.72299082285426,3.88880073212096
,,,,Non Full-time,0,0,0,0,0,0,0,0,0,0,0,0,,,,,,,Non Full-time,0,0,0,0,0,0,0,0,0,0,0,0
,,,,,,,,,,,,,,,,,,,,,,,,,,,,,,,,,,,
Regional POKKT Brand Allocation%,,,,,2025-01-01 00:00:00,2025-02-01 00:00:00,2025-03-01 00:00:00,2025-04-01 00:00:00,2025-05-01 00:00:00,2025-06-01 00:00:00,2025-07-01 00:00:00,2025-08-01 00:00:00,2025-09-01 00:00:00,2025-10-01 00:00:00,2025-11-01 00:00:00,2025-12-01 00:00:00,,,Regional POKKT App Allocation%,,,,,2025-01-01 00:00:00,2025-02-01 00:00:00,2025-03-01 00:00:00,2025-04-01 00:00:00,2025-05-01 00:00:00,2025-06-01 00:00:00,2025-07-01 00:00:00,2025-08-01 00:00:00,2025-09-01 00:00:00,2025-10-01 00:00:00,2025-11-01 00:00:00,2025-12-01 00:00:00
Local brand GP/ TT: brand GP,,,,,,,,,,,,,,,,,,,Local App GP/ TT: App GP,,,,,,,,,,,,,,,,
AnyMind,,,,,,,,,,,,,,,,,,,AnyMind,,,,,,,,,,,,,,,,
,Thailand,,,,0.0798448639245466,0.103645331274916,0.0413024365780452,0.0675460197742254,0.0990858776809619,0.0471566973011691,0.0426721326749277,0.0646774436441624,0.0690474271127233,0.0141221063648481,0.0121121267707675,0.0675079362988527,,,,Thailand,,,,0.126727780956992,0.0604279501066798,-0.171594136283796,0.170621624647929,0.156876242503675,0.19642235238246,0.215740002229826,0.173956880546499,0.10457847480677,0.162264582499441,0.0980345138713899,0.129132873238963
,Vietnam,,,,0.000982466099071569,1.77855648219726e-05,0.0403706358602594,0,0.0814379187736889,0.0718201022229236,0.0408330261404283,0.0198550145141272,0.0197527878543598,0.0331307302550394,0.020374423874339,0.0600339844830538,,,,Vietnam,,,,0,0,0,0,0,0,0,0,0,0,0,0
,Hong Kong,,,,0.0235479969777471,0.0133471278046825,0.0055153040270714,0.00266887189059185,0.00417565810595224,0.0163077128531364,0,0.0102637468777749,0.0260029557973935,0.0153879336253929,0,0,,,,Hong Kong,,,,0.0112195712462032,0.0128682504513376,0.0403417765155867,0.00691220423948526,-0.0681263732935365,0.0125798110917629,0.00284731691837977,0.00581855007062209,0.006891139799856,0.00108644234318062,0.0190736691512969,0.00369418837002334
,Singapore,,,,0.0545931459734094,0.108838748019685,0.0251661866064223,0,0,0.000637375711736211,0.00323869091262623,0.00685461466160533,0,0,0,0,,,,Singapore,,,,0,0,0,0,0,0,0,0,0,0,0,0
,Indonesia,,,,0.147584341985532,0.0755779600644391,0.133714262914331,0.138494009746732,0.153766582054352,0.102517330549114,0.080525725211558,0.10742790970603,0.0925325809485422,0.106951796025019,0.153503768902316,0.152419089268543,,,,Indonesia,,,,0.196119646080028,0.0883698506482849,0.191424397130521,0.102429822823624,0.199219115695333,0.182992981900691,0.164376806373873,0.188680921374066,0.158873342450411,0.217990237613777,0.193691423554945,0.261342837472503
,Taiwan,,,,0.00290451287225523,0,0.0018620535938477,0.00436137395593693,0.0132961008946396,0.0129994293969818,0.0151523744323682,0.00220957465038868,0.00109633212414349,0,0,0,,,,Taiwan,,,,0.113686886472685,0.057519899885114,0.113145755700379,0.106060345050344,0.0525307149662149,0.0428790037465041,0.0193694736751828,0.028022314805767,0.0310310806023366,0.0275353353675969,0.0272672589678352,0.0107635215690225
,Philippines,,,,0.165303819843787,0.232953228132512,0.218256173996671,0.215022194079225,0.185104994028361,0.256285738566693,0.273917499463256,0.263676773761365,0.18639527072417,0.179323171356945,0.360535199543723,0.271404296797818,,,,Philippines,,,,0.0733701633138178,0.0818203266043,0.20447494131359,0.15456205479806,0.137750634675007,0.170951400981478,0.143279217159372,0.122660365458244,0.0723664913089356,0.179574883948204,0.142270144607106,0.126756838446425
,Malaysia,,,,0,0.0164142627757705,0.0157234921785837,0.0193902997329486,0.00526082578519503,-0.00123832995423035,0.00431420365471787,0,0,0.0300298070497385,0.0087440075223899,0,,,,Malaysia,,,,0.00710371087731654,0.00337477433119973,0.21693451745818,0.0861333861618101,0.0305525114406709,0.0524457812252651,0.0823620723664462,0.080704621971911,0.0464590055273874,0.0655348259353021,0.0515188216837501,0.0238527026346279
,Cambodia,,,,0,0,0,0,0,0,0,0,0,0,0,0,,,,Cambodia,,,,0,0,0,0,0,0,0,0,0,0,0,0
MMPL,,,,,,,,,,,,,,,,,,,MMPL,,,,,,,,,,,,,,,,
,"Global (Maiden Marketing SG) - China, LATAM, Singapore",,,,0,0,0,0,0,0,0,0,0,0,0,0,,,,"Global (Maiden Marketing SG) - China, LATAM, Singapore",,,,0.111463881674516,0.249697398654193,0.110363281185875,0.127076891273826,0.149331732649004,0.0929080259616906,0.158660731897668,0.15043838999387,0.251330420439524,0.160143680700313,0.158779252660071,0.181544170738669
,India,,,,0.32707933881591,0.39149741188215,0.310056774834432,0.528398871154483,0.426965991711948,0.395203292500819,0.424452825297031,0.344070498673216,0.491186349590219,0.504191726864178,0.364481371294683,0.415440546913076,,,,India,,,,0.0471232997314786,0.122291974396848,-0.00467028908186548,0.0888164411407505,0.0203646696661141,0.0771041106010236,0.0643090539532251,0.0586785228877774,0.0720274578970024,0.0279356035992951,0.0793591442250636,0.0530325928164827
,MENA (Dubai and KSA),,,,0.198159513507739,0.0577081444810199,0.208032679410334,0.024118359665856,0.0309060509649,0.0983106508516553,0.114893522213085,0.180964423511328,0.113986295848448,0.116862728458837,0.0802491020917793,0.0331941462386553,,,,MENA (Dubai and KSA),,,,0.31318505964696,0.323629574922041,0.299579756061526,0.157387229864167,0.321500751697514,0.171716532109123,0.149055325426025,0.191039432891241,0.256442587167775,0.157934407992888,0.230005771278541,0.20988027471328
Total,,,,,1,1,0.999999999999999,1,1,1,1,1,1,0.999999999999999,1,1,,,Total,,,,,1,0.999999999999999,1,1,1,0.999999999999999,1,1,1,1,1,1
,,,,,,,,,,,,,,,,,,,,,,,,,,,,,,,,,,,
,,,,,,,,,,,,,,,,,,,,,,,,,,,,,,,,,,,
,,,,,,,,,,,,,,,,,,,,,,,,,,,,,,,,,,,
Brand GP/ TTL GP,,,,,,,,,,,,,,,,,,,,,,,,,,,,,,,,,,,
Gross Profit,,,,,,,,,,,,,,,,,,,,,,,,,,,,,,,,,,,
,Local brand GP,,,,121775,173114.6,280209.2,163526,193837,166875,227433,182929,146935,107173,144088,209290,,,,,,,,,,,,,,,,,,,
,MMPL TTL GP,,,,264485.252124757,397809.986010083,577247.212383601,384091.221285325,390604.835230269,437444.763777883,448516.674236167,463577.361838494,560642.25140194,382584.585147912,403116.00870778,488890.635631136,,,,,,,,,,,,,,,,,,,
,Local Brand +MMPL GP,,,,386260.252124757,570924.586010083,857456.412383601,547617.221285325,584441.835230269,604319.763777883,675949.674236167,646506.361838494,707577.25140194,489757.585147912,547204.00870778,698180.635631136,,,,,,,,,,,,,,,,,,,
,,,,,,,,,,,,,,,,,,,,,,,,,,,,,,,,,,,
AnyMind,,,,,,,,,,,,,,,,,,,,,,,,,,,,,,,,,,,
,Thailand,,,,0.0530212463937014,0.0570578160377641,0.0280078376616724,0.0450747329349217,0.0606185215780137,0.0257098988503553,0.0311680008187105,0.0385301699571253,0.036315469369723,0.0081550549110817,0.00574374447186923,0.0367025361235286,,,,,,,,,,,,,,,,,,,
,Vietnam,,,,0.000652409867734998,9.79113553169221e-06,0.0273759688084279,0,0.049821895430411,0.0391564225073024,0.0298247055489464,0.0118281898700175,0.010388971642934,0.0191319140002091,0.00966184442340841,0.0326391177827501,,,,,,,,,,,,,,,,,,,
,Hong Kong,,,,0.0156371254012674,0.00734773051081374,0.00374001518174585,0.00178098854837115,0.00255457414237254,0.00889098838404834,0,0.00611440232197979,0.0136762452167967,0.00888602878643654,0,0,,,,,,,,,,,,,,,,,,,
,Singapore,,,,0.036252759436084,0.0599168451284664,0.0170655904937749,0,0,0.000347498150130309,0.00236556072285542,0.00408348649886836,0,0,0,0,,,,,,,,,,,,,,,,,,,
,Indonesia,,,,0.098003871202811,0.0416064408191039,0.0906737635606104,0.0924196647454048,0.0940709522930342,0.0558925953188164,0.0588165088546361,0.0639978234434388,0.0486674775535407,0.0617611669880819,0.0727936918701772,0.0828668070229415,,,,,,,,,,,,,,,,,,,
,Taiwan,,,,0.00192875139469275,0,0.00126268809045378,0.00291042709770732,0.00813425684717955,0.00708730750956245,0.0110673919747851,0.00131630568580946,0.000576615485011169,0,0,0,,,,,,,,,,,,,,,,,,,
,Philippines,,,,0.10977054917446,0.128243137174524,0.148002975040118,0.143488365496561,0.113243091117739,0.139727351414301,0.200071107590695,0.157079660764992,0.0980345253646317,0.103553271124291,0.170970969713712,0.147556369716372,,,,,,,,,,,,,,,,,,,
,Malaysia,,,,0,0.00903621971520574,0.0106623495584868,0.012939512719064,0.00321845543322354,-0.000675139263110315,0.00315112216365357,0,0,0.0173412321882365,0.00414653395057947,0,,,,,,,,,,,,,,,,,,,
,Cambodia,,,,0,0,0,0,0,0,0,0,0,0,0,0,,,,,,,,,,,,,,,,,,,
Total,,,,,0.315266712870751,0.30321798052141,0.326791188395291,0.29861369154203,0.331661746841973,0.276136922871406,0.336464397674283,0.282950038542231,0.207659304632637,0.218828667998337,0.263316784429746,0.299764830645592,,,,,,,,,,,,,,,,,,,
,,,,,,,,,,,,,,,,,,,,,,,,,,,,,,,,,,,
,,,,,,,,,,,,,,,,,,,,,,,,,,,,,,,,,,,
Allocated SG&As based on regional POKKT brand GP,,,,,2025-01-01 00:00:00,2025-02-01 00:00:00,2025-03-01 00:00:00,2025-04-01 00:00:00,2025-05-01 00:00:00,2025-06-01 00:00:00,2025-07-01 00:00:00,2025-08-01 00:00:00,2025-09-01 00:00:00,2025-10-01 00:00:00,2025-11-01 00:00:00,2025-12-01 00:00:00,,,Allocated SG&As based on regional POKKT App GP,,,,,2025-01-01 00:00:00,2025-02-01 00:00:00,2025-03-01 00:00:00,2025-04-01 00:00:00,2025-05-01 00:00:00,2025-06-01 00:00:00,2025-07-01 00:00:00,2025-08-01 00:00:00,2025-09-01 00:00:00,2025-10-01 00:00:00,2025-11-01 00:00:00,2025-12-01 00:00:00
IT platform,,,,,,,,,,,,,,,,,,,IT platform,,,,,,,,,,,,,,,,
,Thailand,,,,889.56,1430.6896,1098.76,1434.596,1620.28,1209.56,1077.12,1194,1384.4,357,220.44,1419.88,,,,Thailand,,,,,,,,,,,,,,,
,Vietnam,,,,17.84,0.6,1288.796,0,1651.24,1400.36,1451.56,388.68,546.48,831.24,501.48,2571.32,,,,Vietnam,,,,,,,,,,,,,,,
,Hong Kong,,,,342.64,238.68,159.696,51.356,78.2,274.16,82.28,189.04,484.64,207.32,0,0,,,,Hong Kong,,,,,,,,,,,,,,,
,Singapore,,,,736.72,1609.76144,694.4,0,0,77.84,77.84,123.2,0,0,0,0,,,,Singapore,,,,,,,,,,,,,,,
,Indonesia,,,,2037.84,1269.0252,4048.536,2459.756,2570.96,2090.08,1976.48,2049.52,1814.4,1765.52,2145.28,4560.4,,,,Indonesia,,,,,,,,,,,,,,,
,Taiwan,,,,33.16,0,68.564,92.124,281.56,233.24,404.12,43.32,21.04,0,0,0,,,,Taiwan,,,,,,,,,,,,,,,
,Philippines,,,,2183.2,3524.444816,6624.224,4533.544,3037.28,4401.76,7546.68,5355.28,3530.08,2366.76,4643.8,5888,,,,Philippines,,,,,,,,,,,,,,,
,Malaysia,,,,0,266.68,594.256,361.836,107.24,71.12,106.68,0,0,732.2,198.72,0,,,,Malaysia,,,,,,,,,,,,,,,
,Cambodia,,,,,,,,,,,,,,,,,,,Cambodia,,,,,,,,,,,,,,,
Hosting Allocation,,,,,,,,,,,,,,,,,,,Hosting Allocation,,,,,,,,,,,,,,,,
,Thailand,,,,4474.58681764415,9672.22584561435,3219.10942874665,5876.38078660162,7975.87908043673,3233.38760504558,3134.51393645765,4392.54788831132,4865.54985591831,1356.88714357946,762.132685130948,5219.11281399423,,,,Thailand,,,,,,,,,,,,,,,
,Vietnam,,,,55.0583924827308,1.65975637912371,3146.48493671047,0,6555.31351089976,4924.48033070694,2999.42096824503,1348.4469571223,1391.91535611984,3183.28305842252,1282.02211463166,4641.29337776782,,,,Vietnam,,,,,,,,,,,,,,,
,Hong Kong,,,,1319.65353410989,1245.55957252665,429.862464951703,232.18699713465,336.117970731964,1118.16899027546,0,697.059084805084,1832.34456552465,1478.51097868247,0,0,,,,Hong Kong,,,,,,,,,,,,,,,
,Singapore,,,,3059.4550394273,10156.8776774712,1961.45107413336,0,0,43.7028639415314,237.900502392053,465.528961266234,0,0,0,0,,,,Singapore,,,,,,,,,,,,,,,
,Indonesia,,,,8270.77558505466,7052.96697595668,10421.6816286872,12048.7267888679,12377.3810534981,7029.29350168145,5915.07834496615,7295.93211075395,6520.47302453311,10276.1948720559,9658.93453605506,11783.6874523492,,,,Indonesia,,,,,,,,,,,,,,,
,Taiwan,,,,162.771834919184,0,145.128345381274,379.431596465913,1070.26445603466,891.330315531328,1113.02917973418,150.062555317259,77.254994598952,0,0,0,,,,Taiwan,,,,,,,,,,,,,,,
,Philippines,,,,9263.79302090391,21739.2930896819,17010.8731059301,18706.5395444993,14899.9543033652,17572.7134820138,20120.818100373,17907.5237134355,13134.6745351605,17229.816818672,22685.9960197616,20982.5647301658,,,,Philippines,,,,,,,,,,,,,,,
,Malaysia,,,,0,1531.78589622527,1225.48803698928,1686.92078642101,423.468119857217,-84.9084213721181,316.903108252079,0,0,2885.33863555843,550.200147172167,0,,,,Malaysia,,,,,,,,,,,,,,,
,Cambodia,,,,0,0,0,0,0,0,0,0,0,0,0,0,,,,Cambodia,,,,,,,,,,,,,,,
,,,,,,,,,,,,,,,,,,,,,,,,,,,,,,,,,,,
Tech Cost,,,,,,,,,,,,,,,,,,,Tech Cost,,,,,,,,,,,,,,,,
,Thailand,,,,1088.83212105438,1289.51862459483,522.206133201883,485.508963388629,640.206754830581,273.291854096472,339.218806990485,383.221840996968,364.769642620101,82.7800051892116,49.3808666603355,318.100880582623,,,,Thailand,,,,,,,,,,,,,,,
,Vietnam,,,,13.3977389895363,0.221281719154705,510.424938433138,0,526.180994895474,416.226114660798,324.598972324291,117.643413010992,104.351713998302,194.203467356763,83.0660649167018,282.883233823095,,,,Vietnam,,,,,,,,,,,,,,,
,Hong Kong,,,,321.120410701585,166.060252567797,69.7325830636513,19.1833838522154,26.9794706153906,94.5096950544086,0,60.8139677824574,137.370634792758,90.1999455642086,0,0,,,,Hong Kong,,,,,,,,,,,,,,,
,Singapore,,,,744.478329644752,1354.13328244081,318.187934756434,0,0,3.69384626119966,25.7457220608404,40.6144383874747,0,0,0,0,,,,Singapore,,,,,,,,,,,,,,,
,Indonesia,,,,2012.58495813055,940.314299864322,1690.61232158758,995.470692905705,993.505904195284,594.128786497815,640.133003109964,636.523631924911,488.839018262213,626.922783415942,625.831390926231,718.206616467833,,,,Indonesia,,,,,,,,,,,,,,,
,Taiwan,,,,39.6083950285896,0,23.5428194465107,31.3487923548251,85.9078387847065,75.3368739843722,120.452624601092,13.0920026771746,5.79179694073013,0,0,0,,,,Taiwan,,,,,,,,,,,,,,,
,Philippines,,,,2254.2227506204,2898.32183120306,2759.51546962301,1545.54188243655,1195.98746363631,1485.27799188428,2177.48590372979,1562.31744756182,984.704848989282,1051.14440239761,1469.89384704879,1278.8710563318,,,,Philippines,,,,,,,,,,,,,,,
,Malaysia,,,,0,204.22046316979,198.799507517987,139.374079399583,33.9908802595778,-7.17661559318792,34.2954271354534,0,0,176.026686047064,35.6491207293354,0,,,,Malaysia,,,,,,,,,,,,,,,
,Cambodia,,,,0,0,0,0,0,0,0,0,0,0,0,0,,,,Cambodia,,,,,,,,,,,,,,,
,,,,,,,,,,,,,,,,,,,,,,,,,,,,,,,,,,,
Salary Allocation,,,,,,,,,,,,,,,,,,,Salary Allocation,,,,,,,,,,,,,,,,
,Thailand,,,,5955.35533069731,7190.23835274712,3018.35150132048,4885.81570477181,6900.20180147343,3281.75858730226,2827.1969179167,4358.61422072897,4676.83978524788,1020.1185440865,806.811898362955,2408.63726174638,,,,Thailand,,,,2322.15985825593,874.396668000164,-4735.59319927113,2554.48554044393,2337.81212237525,2929.21707772676,3845.19015214277,2961.05575014879,4018.94764946992,2522.81184170171,1511.79317944612,984.080304434705
,Vietnam,,,,73.2787862956895,1.23384670332147,2950.25619439722,0,5671.22265031341,4998.1498005621,2705.34886392637,1338.02982520732,1337.92999927448,2393.21751579632,1357.17928941932,2141.97174324591,,,,Vietnam,,,,0,0,0,0,0,0,0,0,0,0,0,0
,Hong Kong,,,,1756.36456042049,925.936837286867,403.054336973398,193.047884104245,290.786984577166,1134.89662673457,0,691.674107368191,1761.27718718258,1111.55631043176,0,0,,,,Hong Kong,,,,205.587423515428,186.204484808386,1113.33782523761,103.487033480047,-1015.23760894107,187.600835839797,50.7484697386814,99.0420792211137,264.826295774272,16.8914840594476,294.135624192224,28.1522274276694
,Singapore,,,,4071.91604959738,7550.52379735617,1839.12629421925,0,0,44.3566520778448,214.576033403683,461.932619137876,0,0,0,0,,,,Singapore,,,,0,0,0,0,0,0,0,0,0,0,0,0
,Indonesia,,,,11007.8113302513,5243.10685675076,9771.73938522478,10017.7065961717,10708.0895010502,7134.45065349221,5335.14656662305,7239.56898364759,6267.5768541717,7725.72501790898,10225.1792387819,5438.20946012092,,,,Indonesia,,,,3593.69639477043,1278.71792477022,5282.86159922517,1533.54243257909,2968.8170512531,2728.94689013772,2929.7305579712,3211.68513382665,6105.49778416904,3389.20757910495,2986.92125338351,1991.61013466995
,Taiwan,,,,216.637681707494,0,136.077498718731,315.47187294714,925.921851761452,904.664480235282,1003.90450649966,148.903279881186,74.2586640870616,0,0,0,,,,Taiwan,,,,2083.19850772549,832.316977730592,3122.55583334701,1587.89730436954,782.826897719575,639.448151021054,345.22716537594,476.989677714509,1192.52349661537,428.106177334421,420.489218560756,82.0253535506187
,Philippines,,,,12329.4465830842,16160.7784423185,15949.999686108,15553.2304674397,12890.4526371434,17835.5985783486,18148.1135743886,17769.1830573139,12625.2469405078,12953.5132904083,24015.9382638385,9683.52075482434,,,,Philippines,,,,1344.43487256239,1183.94585338708,5643.0258193936,2314.04744209683,2052.79715059832,2549.37260012664,2553.70274002795,2087.89775554983,2781.04209000765,2791.94409968238,2193.95216809052,965.973303611908
,Malaysia,,,,0,1138.71469453228,1149.06117302669,1402.56126522533,366.356542524882,-86.1786383226699,285.832990087458,0,0,2169.22052952595,582.455042120759,0,,,,Malaysia,,,,130.168398115948,48.8332208066633,5986.88071638458,1289.5580495956,455.301774666967,782.116068545195,1467.96062992598,1373.73632018903,1785.41818864733,1018.90401692562,794.473294749762,181.773813913656
,Cambodia,,,,0,0,0,0,0,0,0,0,0,0,0,0,,,,Cambodia,,,,0,0,0,0,0,0,0,0,0,0,0,0
,,,,,,,,,,,,,,,,,,,,,,,,,,,,,,,,,,,
Indirect Expense,,,,,,,,,,,,,,,,,,,Indirect Expense,,,,,,,,,,,,,,,,
,Thailand,,,,1812.78262867659,1119.20446719107,320.274384993627,948.068126503442,1626.20822889164,430.668829533198,595.703090847727,651.96746463772,523.578642792675,166.399817933166,112.60823555645,859.7631481248,,,,Thailand,,,,,,,,,,,,,,,
,Vietnam,,,,22.3057237512939,0.192055767060736,313.04885723907,0,1336.56800296,655.912757497848,570.029158510071,200.144327662972,149.783102551718,390.377139217268,189.424034803358,764.576882710944,,,,Vietnam,,,,,,,,,,,,,,,
,Hong Kong,,,,534.629251816729,144.127717856849,42.7677094058447,37.4599773850276,68.5313561514968,148.933746610148,0,103.461557114127,197.177402175619,181.314974372844,0,0,,,,Hong Kong,,,,,,,,,,,,,,,
,Singapore,,,,1239.47241940226,1175.28509474305,195.1479284467,0,0,5.82097278766632,45.2121341496827,69.0965117078916,0,0,0,0,,,,Singapore,,,,,,,,,,,,,,,
,Indonesia,,,,3350.72687541759,816.121570405745,1036.86990085538,1943.88591350628,2523.63391148904,936.261894519073,1124.13934796056,1082.90461057349,701.663844302949,1260.20573180831,1427.14726278081,1941.16904186959,,,,Indonesia,,,,,,,,,,,,,,,
,Taiwan,,,,65.9435087091826,0,14.4390529713143,61.2157407528525,218.217057698738,118.720125950356,211.527189226877,22.2731558573544,8.31335952130338,0,0,0,,,,Taiwan,,,,,,,,,,,,,,,
,Philippines,,,,3753.026535932,2515.52376132534,1692.43918008951,3018.02666358054,3037.96334596829,2340.58543900259,3823.8890544933,2657.938656618,1413.41374978983,2112.9527206556,3351.94912049612,3456.53304518888,,,,Philippines,,,,,,,,,,,,,,,
,Malaysia,,,,0,177.247889493083,121.925779800721,272.160005898254,86.3412464306534,-11.3093185588945,60.2262950211534,0,0,353.839172184873,81.2943323186723,0,,,,Malaysia,,,,,,,,,,,,,,,
,Cambodia,,,,0,0,0,0,0,0,0,0,0,0,0,0,,,,Cambodia,,,,,,,,,,,,,,,
,,,,,,,,,,,,,,,,,,,,,,,,,,,,,,,,,,,
,,,,,,,,,,,,,,,,,,,,,,,,,,,,,,,,,,,
,,,,,,,,,,,,,,,,,,,,,,,,,,,,,,,,,,,
Regional POKKT SGA allocation summary,,,,,2025-01-01 00:00:00,2025-02-01 00:00:00,2025-03-01 00:00:00,2025-04-01 00:00:00,2025-05-01 00:00:00,2025-06-01 00:00:00,2025-07-01 00:00:00,2025-08-01 00:00:00,2025-09-01 00:00:00,2025-10-01 00:00:00,2025-11-01 00:00:00,2025-12-01 00:00:00,,,Regional POKKT SGA allocation summary,,,,,2025-01-01 00:00:00,2025-02-01 00:00:00,2025-03-01 00:00:00,2025-04-01 00:00:00,2025-05-01 00:00:00,2025-06-01 00:00:00,2025-07-01 00:00:00,2025-08-01 00:00:00,2025-09-01 00:00:00,2025-10-01 00:00:00,2025-11-01 00:00:00,2025-12-01 00:00:00
AnyMind- Staff costs,,,,,,,,,,,,,,,,,,,AnyMind- Staff costs,,,,,,,,,,,,,,,,
,Thailand,,,,7768.1379593739,8309.44281993819,3338.6258863141,5833.88383127525,8526.41003036508,3712.42741683546,3422.90000876443,5010.58168536669,5200.41842804056,1186.51836201966,919.420133919406,3268.40040987118,,,,Thailand,,,,2322.15985825593,874.396668000164,-4735.59319927113,2554.48554044393,2337.81212237525,2929.21707772676,3845.19015214277,2961.05575014879,4018.94764946992,2522.81184170171,1511.79317944612,984.080304434705
,Vietnam,,,,95.5845100469835,1.42590247038221,3263.30505163629,0,7007.79065327341,5654.06255805995,3275.37802243644,1538.17415287029,1487.7131018262,2783.59465501359,1546.60332422268,2906.54862595685,,,,Vietnam,,,,0,0,0,0,0,0,0,0,0,0,0,0
,Hong Kong,,,,2290.99381223722,1070.06455514371,445.822046379243,230.507861489272,359.318340728663,1283.83037334472,0,795.135664482318,1958.4545893582,1292.8712848046,0,0,,,,Hong Kong,,,,205.587423515428,186.204484808386,1113.33782523761,103.487033480047,-1015.23760894107,187.600835839797,50.7484697386814,99.0420792211137,264.826295774272,16.8914840594476,294.135624192224,28.1522274276694
,Singapore,,,,5311.38846899964,8725.80889209922,2034.27422266595,0,0,50.1776248655111,259.788167553366,531.029130845768,0,0,0,0,,,,Singapore,,,,0,0,0,0,0,0,0,0,0,0,0,0
,Indonesia,,,,14358.5382056688,6059.22842715651,10808.6092860801,11961.592509678,13231.7234125392,8070.71254801128,6459.28591458361,8322.47359422108,6969.24069847465,8985.9307497173,11652.3265015627,7379.37850199052,,,,Indonesia,,,,3593.69639477043,1278.71792477022,5282.86159922517,1533.54243257909,2968.8170512531,2728.94689013772,2929.7305579712,3211.68513382665,6105.49778416904,3389.20757910495,2986.92125338351,1991.61013466995
,Taiwan,,,,282.581190416677,0,150.516551690045,376.687613699992,1144.13890946019,1023.38460618563,1215.43169572653,171.176435738541,82.572023608365,0,0,0,,,,Taiwan,,,,2083.19850772549,832.316977730592,3122.55583334701,1587.89730436954,782.826897719575,639.448151021054,345.22716537594,476.989677714509,1192.52349661537,428.106177334421,420.489218560756,82.0253535506187
,Philippines,,,,16082.4731190162,18676.3022036439,17642.4388661975,18571.2571310203,15928.4159831117,20176.1840173512,21972.0026288819,20427.1217139319,14038.6606902976,15066.4660110639,27367.8873843347,13140.0538000132,,,,Philippines,,,,1344.43487256239,1183.94585338708,5643.0258193936,2314.04744209683,2052.79715059832,2549.37260012664,2553.70274002795,2087.89775554983,2781.04209000765,2791.94409968238,2193.95216809052,965.973303611908
,Malaysia,,,,0,1315.96258402537,1270.98695282741,1674.72127112359,452.697788955536,-97.4879568815645,346.059285108612,0,0,2523.05970171082,663.749374439431,0,,,,Malaysia,,,,130.168398115948,48.8332208066633,5986.88071638458,1289.5580495956,455.301774666967,782.116068545195,1467.96062992598,1373.73632018903,1785.41818864733,1018.90401692562,794.473294749762,181.773813913656
,Cambodia,,,,0,0,0,0,0,0,0,0,0,0,0,0,,,,Cambodia,,,,0,0,0,0,0,0,0,0,0,0,0,0
,Total,,,,46189.6972657596,44158.2353844773,38954.5788637907,38648.6502182864,46650.4951184339,39873.2911877722,36950.8457230549,36795.6923774566,29737.0595316056,31838.4407643299,42149.986718478904,26694.3813378317,,,,TTL,,,,9679.24545494563,4404.41512950311,16413.0685943168,9383.01780256505,7582.31738767216,9816.70162339718,11192.5597151825,10210.4067166499,16148.2555046836,10167.8651988085,8201.76473842289,4233.61513760851
,,,,,,,,,,,,,,,,,,,,,,,,,,,,,,,,,,,
AnyMind- IT expense,,,,,,,,,,,,,,,,,,,AnyMind- IT expense,,,,,,,,,,,,,,,,
,Thailand,,,,6452.97893869853,12392.4340702091,4840.07556194853,7796.48574999025,10236.3658352673,4716.23945914206,4550.85274344813,5969.76972930829,6614.71949853841,1796.66714876867,1031.95355179128,6957.09369457685,,,,Thailand,,,,0,0,0,0,0,0,0,0,0,0,0,0
,Vietnam,,,,86.2961314722671,2.48103809827842,4945.70587514361,0,8732.73450579524,6741.06644536774,4775.57994056932,1854.7703701333,2042.74707011814,4208.72652577928,1866.56817954836,7495.49661159092,,,,Vietnam,,,,0,0,0,0,0,0,0,0,0,0,0,0
,Hong Kong,,,,1983.41394481148,1650.29982509445,659.291048015355,302.726380986865,441.297441347355,1486.83868532987,82.28,946.913052587542,2454.35520031741,1776.03092424668,0,0,,,,Hong Kong,,,,0,0,0,0,0,0,0,0,0,0,0,0
,Singapore,,,,4540.65336907205,13120.772399912,2974.03900888979,0,0,125.236710202731,341.486224452894,629.343399653709,0,0,0,0,,,,Singapore,,,,0,0,0,0,0,0,0,0,0,0,0,0
,Indonesia,,,,12321.2005431852,9262.306475821,16160.8299502747,15503.9534817736,15941.8469576934,9713.50228817927,8531.69134807611,9981.97574267886,8823.71204279533,12668.6376554719,12430.0459269812,17062.2940688171,,,,Indonesia,,,,0,0,0,0,0,0,0,0,0,0,0,0
,Taiwan,,,,235.540229947773,0,237.235164827785,502.904388820738,1437.73229481937,1199.9071895157,1637.60180433527,206.474557994434,104.086791539682,0,0,0,,,,Taiwan,,,,0,0,0,0,0,0,0,0,0,0,0,0
,Philippines,,,,13701.2157715243,28162.0597368849,26394.6125755531,24785.6254269359,19133.2217670015,23459.7514738981,29844.9840041028,24825.1211609973,17649.4593841498,20647.7212210696,28799.6898668104,28149.4357864976,,,,Philippines,,,,0,0,0,0,0,0,0,0,0,0,0,0
,Malaysia,,,,0,2002.68635939506,2018.54354450727,2188.13086582059,564.699000116795,-20.965036965306,457.878535387532,0,0,3793.56532160549,784.569267901502,0,,,,Malaysia,,,,0,0,0,0,0,0,0,0,0,0,0,0
,Cambodia,,,,0,0,0,0,0,0,0,0,0,0,0,0,,,,Cambodia,,,,0,0,0,0,0,0,0,0,0,0,0,0
,Total,,,,39321.2989287116,66593.039905415,58230.3327291603,51079.826294328,56487.897802041,47421.5772146702,50222.3546003721,44414.3680133535,37689.0799874588,44891.3487969416,44912.8267930329,59664.3201614825,,,,TTL,,,,0,0,0,0,0,0,0,0,0,0,0,0
,,,,,,,,,,,,,,,,,,,,,,,,,,,,,,,,,,,
,,,,,,,,,,,,,,,,,,,,,,,,,,,,,,,,,,,
POKKT SGA adjustments for Monthly Report,,,,,2025-01-01 00:00:00,2025-02-01 00:00:00,2025-03-01 00:00:00,2025-04-01 00:00:00,2025-05-01 00:00:00,2025-06-01 00:00:00,2025-07-01 00:00:00,2025-08-01 00:00:00,2025-09-01 00:00:00,2025-10-01 00:00:00,2025-11-01 00:00:00,2025-12-01 00:00:00,,,,,,,,,,,,,,,,,,,
Accounting Recharges- Staff cost,,,,,,,,,,,,,,,,,,,,,,,,,,,,,,,,,,,
,Thailand,,,,2047.07,1389.29,914.97,510.11,2099.44,1176.99,1321.74,2071.12,1622.95,130.33,372.85,1889.1,,,,,,,,,,,,,,,,,,,
,Vietnam,,,,,,1029.55,,2793.56,2551.08,2060.56,279.67,937.55,1815.3,1163.31,3571.27,,,,,,,,,,,,,,,,,,,
,Hong Kong,,,,1091.05,519.22,128.97,87.76,132.5,499.16,579.83,327.9,831.47,452.73,,,,,,,,,,,,,,,,,,,,,
,Singapore,,,,11181.33,979.46,,,,141.8,95.52,213.68,,,,,,,,,,,,,,,,,,,,,,,
,Indonesia,,,,5473.37,2265.68,3589.71,4060.97,4211.8,3448.97,2716.86,3332.63,2764.28,3410.42,4516.16,2680.21,,,,,,,,,,,,,,,,,,,
,Taiwan,,,,105.59,,,,243.62,,,,4.39,,,,,,,,,,,,,,,,,,,,,,
,Philippines,,,,5882.74,6753.56,4121.87,5967.37,5138.62,7506.47,6253.38,6925.58,5912.33,4853.83,10134.13,6481.8,,,,,,,,,,,,,,,,,,,
,Malaysia,,,,,579.72,,424.31,181.44,129.55,130.89,,,581.02,461.76,,,,,,,,,,,,,,,,,,,,
,Cambodia,,,,,,,,,,,,,,,,,,,,,,,,,,,,,,,,,,
,,,,,,,,,,,,,,,,,,,,,,,,,,,,,,,,,,,
,Subtotal,,,,25781.15,12486.9299999999,9785.07,11050.5199999999,14800.98,15454.02,13158.7799999999,13150.58,12072.97,11243.63,16648.21,14622.38,,,,,,,,,,,,,,,,,,,
,,,,,,,,,,,,,,,,,,,,,,,,,,,,,,,,,,,
Adj to Monthly Report -Staff cost,,,,,2025-01-01 00:00:00,2025-02-01 00:00:00,2025-03-01 00:00:00,2025-04-01 00:00:00,2025-05-01 00:00:00,2025-06-01 00:00:00,2025-07-01 00:00:00,2025-08-01 00:00:00,2025-09-01 00:00:00,2025-10-01 00:00:00,2025-11-01 00:00:00,2025-12-01 00:00:00,,,,,,,,,,,,,,,,,,,
Staff costs,Thailand,ATH+Moindy+VGI,,,8043.22781762983,7794.54948793835,-2311.93731295703,7878.25937171918,8764.78215274034,5464.65449456223,5946.35016090721,5900.51743551549,7596.41607751048,3579.00020372137,2058.36331336552,2363.38071430588,,,,,,,,,,,,,,,,,,,
Staff costs,Vietnam,AME+AMV+ATV,,,95.5845100469835,1.42590247038221,2233.75505163629,0,4214.23065327341,3102.98255805995,1214.81802243644,1258.50415287029,550.163101826204,968.294655013591,383.293324222685,-664.721374043142,,,,,,,,,,,,,,,,,,,
Staff costs,Hong Kong,AHK+ACQ,,,1405.53123575265,737.049039952103,1430.18987161686,246.234894969319,-788.419268212407,972.271209184518,-529.081530261318,566.277743703432,1391.81088513247,857.032768864052,294.135624192224,28.1522274276694,,,,,,,,,,,,,,,,,,,
Staff costs,Singapore,AHS,,,-5869.94153100035,7746.34889209922,2034.27422266595,0,0,-91.6223751344888,164.268167553366,317.349130845768,0,0,0,0,,,,,,,,,,,,,,,,,,,
Staff costs,Indonesia,ATI,,,12478.8646004393,5072.26635192674,12501.7608853053,9434.16494225712,11988.7404637924,7350.68943814901,6672.15647255481,8201.52872804773,10310.4584826436,8964.71832882225,10123.0877549462,6690.77863666047,,,,,,,,,,,,,,,,,,,
Staff costs,Taiwan,ATW,,,2260.18969814216,832.316977730592,3273.07238503705,1964.58491806953,1683.34580717976,1662.83275720669,1560.65886110247,648.16611345305,1270.70552022374,428.106177334421,420.489218560756,82.0253535506187,,,,,,,,,,,,,,,,,,,
Staff costs,Philippines,APH,,,11544.1679915786,13106.688057031,19163.5946855911,14917.9345731171,12842.59313371,15219.0866174778,18272.3253689098,15589.4394694817,10907.3727803053,13004.5801107463,19427.7095524252,7624.22710362513,,,,,,,,,,,,,,,,,,,
Staff costs,Malaysia,AMY,,,130.168398115948,785.075804832035,7257.867669212,2539.96932071919,726.559563622503,555.078111663631,1683.12991503459,1373.73632018903,1785.41818864733,2960.94371863645,996.462669189193,181.773813913656,,,,,,,,,,,,,,,,,,,
Staff costs,Cambodia,ACB,,,0,0,0,0,0,0,0,0,0,0,0,0,,,,,,,,,,,,,,,,,,,
,,,,,,,,,,,,,,,,,,,,,,,,,,,,,,,,,,,
,Total Staff cost Adjustment,,,,30087.7927207052,36075.7205139804,45582.5774581076,36981.1480208515,39431.8325061061,34235.9728111694,34984.6254382374,33855.5190941065,33812.3450362892,30762.6759631384,33703.5414569018,16305.6164754403,,,,,,,,,,,,,,,,,,,
Staff costs,MMPL deduction,MMPL,,,-30087.7927207052,-36075.7205139804,-45582.5774581076,-36981.1480208515,-39431.8325061061,-34235.9728111694,-34984.6254382374,-33855.5190941065,-33812.3450362892,-30762.6759631384,-33703.5414569018,-16305.6164754403,,,,,,,,,,,,,,,,,,,
,,,,,,,,,,,,,,,,,,,,,,,,,,,,,,,,,,,
Accounting Recharges-IT expense,,,,,,,,,,,,,,,,,,,,,,,,,,,,,,,,,,,
,Thailand,,,,2747.25,4484.85,3228.79,1437.17,5589.39,3042.72,3640.68,5209.34,4170.76,369.63,821.01,4776.31,,,,,,,,,,,,,,,,,,,
,Vietnam,,,,,,3633.14,,7437.39,6594.95,5675.72,703.44,2409.39,5148.42,2561.56,9029.43,,,,,,,,,,,,,,,,,,,
,Hong Kong,,,,1464.23,1597.22,455.12,247.25,352.76,1290.41,1597.12,824.74,2136.77,1284.01,,,,,,,,,,,,,,,,,,,,,
,Singapore,,,,15005.8,3012.99,,,,366.59,263.1,537.44,,,,,,,,,,,,,,,,,,,,,,,
,Indonesia,,,,7141.3,6969.63,12667.54,11441.34,11213.19,9580.19,7483.49,8382.3,7103.82,9672.38,9944.44,6776.5,,,,,,,,,,,,,,,,,,,
,Taiwan,,,,141.71,,,,648.59,,,,11.29,,,,,,,,,,,,,,,,,,,,,,
,Philippines,,,,7894.87,20775.15,14545.47,16812.4,13680.71,19405.44,17224.69,17419.37,15193.89,13766.09,22315.02,16388.26,,,,,,,,,,,,,,,,,,,
,Malaysia,,,,,1783.31,,1195.44,483.05,334.9,360.53,,,1647.84,1016.77,,,,,,,,,,,,,,,,,,,,
,Cambodia,,,,,,,,,,,,,,,,,,,,,,,,,,,,,,,,,,
,,,,,,,,,,,,,,,,,,,,,,,,,,,,,,,,,,,
,Subtotal,,,,34395.1599999999,38623.15,34530.06,31133.6,39405.08,40615.2,36245.33,33076.63,31025.92,31888.37,36658.7999999999,36970.5,,,,,,,,,,,,,,,,,,,
,,,,,,,,,,,,,,,,,,,,,,,,,,,,,,,,,,,
Adj to Monthly Report - IT expense,,,,,45658,45689,45717,45748,45778,45809,45839,45870,45901,45931,45962,2025-12-01 00:00:00,,,,,,,,,,,,,,,,,,,
IT expenses,Thailand,ATH+Moindy+VGI,,,3705.72893869853,7907.58407020919,1611.28556194853,6359.31574999025,4646.97583526732,1673.51945914206,910.172743448139,760.429729308291,2443.95949853841,1427.03714876867,210.943551791283,2180.78369457685,,,,,,,,,,,,,,,,,,,
IT expenses,Vietnam,AME+AMV+ATV,,,86.2961314722671,2.48103809827842,1312.56587514361,0,1295.34450579524,146.116445367741,-900.140059430677,1151.3303701333,-366.642929881853,-939.693474220711,-694.991820451633,-1533.93338840907,,,,,,,,,,,,,,,,,,,
IT expenses,Hong Kong,AHK+ACQ,,,519.183944811482,53.0798250944519,204.171048015355,55.4763809868654,88.5374413473555,196.428685329876,-1514.84,122.173052587542,317.585200317412,492.020924246687,0,0,,,,,,,,,,,,,,,,,,,
IT expenses,Singapore,AHS,,,-10465.1466309279,10107.782399912,2974.03900888979,0,0,-241.353289797268,78.3862244528941,91.9033996537089,0,0,0,0,,,,,,,,,,,,,,,,,,,
IT expenses,Indonesia,ATI,,,5179.90054318521,2292.676475821,3493.28995027479,4062.61348177366,4728.6569576934,133.312288179271,1048.20134807611,1599.67574267886,1719.89204279533,2996.25765547192,2485.60592698129,10285.7940688171,,,,,,,,,,,,,,,,,,,
IT expenses,Taiwan,ATW,,,93.8302299477739,0,237.235164827785,502.904388820738,789.142294819375,1199.9071895157,1637.60180433527,206.474557994434,92.7967915396821,0,0,0,,,,,,,,,,,,,,,,,,,
IT expenses,Philippines,APH,,,5806.34577152431,7386.90973688498,11849.1425755531,7973.22542693595,5452.51176700159,4054.31147389815,12620.2940041028,7405.75116099738,2455.56938414983,6881.63122106962,6484.66986681047,11761.1757864976,,,,,,,,,,,,,,,,,,,
IT expenses,Malaysia,AMY,,,0,219.37635939506,2018.54354450727,992.690865820599,81.6490001167955,-355.865036965306,97.3485353875325,0,0,2145.72532160549,-232.200732098497,0,,,,,,,,,,,,,,,,,,,
IT expenses,Cambodia (on behalf of MY),ACB,,,0,0,0,0,0,0,0,0,0,0,0,0,,,,,,,,,,,,,,,,,,,
,,,,,,,,,,,,,,,,,,,,,,,,,,,,,,,,,,,
,Total IT expense Adjustment,,,,4926.13892871165,27969.889905415,23700.2727291603,19946.226294328,17082.817802041,6806.37721467023,13977.0246003721,11337.7380133535,6663.15998745882,13002.9787969416,8254.02679303292,22693.8201614825,,,,,,,,,,,,,,,,,,,
IT expenses,MMPL deduction,MMPL,,,-4926.13892871165,-27969.889905415,-23700.2727291603,-19946.226294328,-17082.817802041,-6806.37721467023,-13977.0246003721,-11337.7380133535,-6663.15998745882,-13002.9787969416,-8254.02679303292,-22693.8201614825,,,,,,,,,,,,,,,,,,,
