Unnamed: 0,Done,Unnamed: 2,Unnamed: 3,Jan,Unnamed: 5,Unnamed: 6,Unnamed: 7,Unnamed: 8,Unnamed: 9,Unnamed: 10,Unnamed: 11,Unnamed: 12,Unnamed: 13,Unnamed: 14,Feb,Unnamed: 16,Unnamed: 17,Unnamed: 18,Unnamed: 19,Unnamed: 20,Unnamed: 21,Unnamed: 22,Unnamed: 23,Unnamed: 24,Unnamed: 25,Mar,Unnamed: 27,Unnamed: 28,Unnamed: 29,Unnamed: 30,Unnamed: 31,Unnamed: 32,Unnamed: 33,Unnamed: 34,Unnamed: 35,Unnamed: 36,Q1,Unnamed: 38,Unnamed: 39,Unnamed: 40,Unnamed: 41,Unnamed: 42,Unnamed: 43,Unnamed: 44,Unnamed: 45,Unnamed: 46,Unnamed: 47,Apr,Unnamed: 49,Unnamed: 50,Unnamed: 51,Unnamed: 52,Unnamed: 53,Unnamed: 54,Unnamed: 55,Unnamed: 56,Unnamed: 57,Unnamed: 58,May,Unnamed: 60,Unnamed: 61,Unnamed: 62,Unnamed: 63,Unnamed: 64,Unnamed: 65,Unnamed: 66,Unnamed: 67,Unnamed: 68,Unnamed: 69,June,Unnamed: 71,Unnamed: 72,Unnamed: 73,Unnamed: 74,Unnamed: 75,Unnamed: 76,Unnamed: 77,Unnamed: 78,Unnamed: 79,Unnamed: 80,July,Unnamed: 82,Unnamed: 83,Unnamed: 84,Unnamed: 85,Unnamed: 86,Unnamed: 87,Unnamed: 88,Unnamed: 89,Unnamed: 90,Unnamed: 91,Aug,Unnamed: 93,Unnamed: 94,Unnamed: 95,Unnamed: 96,Unnamed: 97,Unnamed: 98,Unnamed: 99,Unnamed: 100,Unnamed: 101,Unnamed: 102,Sep,Unnamed: 104,Unnamed: 105,Unnamed: 106,Unnamed: 107,Unnamed: 108,Unnamed: 109,Unnamed: 110,Unnamed: 111,Unnamed: 112,Unnamed: 113,Oct,Unnamed: 115,Unnamed: 116,Unnamed: 117,Unnamed: 118,Unnamed: 119,Unnamed: 120,Unnamed: 121,Unnamed: 122,Unnamed: 123,Unnamed: 124,Nov,Unnamed: 126,Unnamed: 127,Unnamed: 128,Unnamed: 129,Unnamed: 130,Unnamed: 131,Unnamed: 132,Unnamed: 133,Unnamed: 134,Unnamed: 135,Dec,Unnamed: 137,Unnamed: 138,Unnamed: 139,Unnamed: 140,Unnamed: 141,Unnamed: 142,Unnamed: 143
,,,,,,,,,,,,,,,,,,,,,,,,,,,,,,,,,,,,,,,,,,,,,,,,,,,,,,,,,,,,,,,,,,,,,,,,,,,,,,,,,,,,,,,,,,,,,,,,,,,,,,,,,,,,,,,,,,,,,,,,,,,,,,,,,,,,,,,,,,,,,,,
,Month,🔗 管理部門コスト実績共有,,SUM of Amount,BU Level Dept,,,,,,,,,,SUM of Amount,BU Level Dept,,,,,,,,,,SUM of Amount,BU Level Dept,,,,,,,,,,SUM of Amount,BU Level Dept,,,,,,,,,,SUM of Amount,BU Level Dept,,,,,,,,,,SUM of Amount,BU Level Dept,,,,,,,,,,SUM of Amount,BU Level Dept,,,,,,,,,,SUM of Amount,BU Level Dept,,,,,,,,,,SUM of Amount,BU Level Dept,,,,,,,,,,SUM of Amount,BU Level Dept,,,,,,,,,,SUM of Amount,BU Level Dept,,,,,,,,,,SUM of Amount,BU Level Dept,,,,,,,,,,SUM of Amount,BU Level Dept,,,,,,
,Q1,2025Q1 管理部門コスト,,科目,Engineer,Finance,HR,Legal,PR,共通系,Grand Total,,,,科目,Engineer,Finance,HR,Legal,PR,共通系,Grand Total,,,,科目,Engineer,Finance,HR,Legal,PR,共通系,Grand Total,,,,科目,Engineer,Finance,HR,Legal,PR,共通系,Grand Total,,,,科目,Engineer,Finance,HR,Legal,PR,共通系,Grand Total,,,,科目,Engineer,Finance,HR,Legal,PR,共通系,Grand Total,,,,科目,Engineer,Finance,HR,Legal,PR,共通系,Grand Total,,,,科目,Engineer,Finance,HR,Legal,PR,共通系,Grand Total,,,,科目,Engineer,Finance,HR,Legal,PR,共通系,Grand Total,,,,科目,Engineer,Finance,HR,Legal,PR,共通系,Grand Total,,,,科目,Engineer,Finance,HR,Legal,PR,共通系,Grand Total,,,,科目,Engineer,Finance,HR,Legal,PR,共通系,Grand Total,,,,科目,Engineer,Finance,HR,Legal,PR,共通系,Grand Total
,Q2,,,IT費用,4171477,184682,113653.4545,246000,,13566246,18282058.4545,,,,IT費用,3338936.2726993603,164573,45923,186000,,15679722,19415154.27269936,,,,IT費用,3938615,188449,166303.27273,246000,,12374412,16913779.27273,,,,IT費用,11449028.27269936,537704,325879.72722999996,678000,,41620380,54610991.99992936,,,,IT費用,4013743,230461,131156.45454200002,252042,,15171528,19798930.454542004,,,,IT費用,3323671.08,194351,113320.454549,251938,,13036871,16920151.534548998,,,,IT費用,3538364.6363789,201763,30363.636362999998,311933,,13889035,17971459.2727419,,,,IT費用,3483908,206899,51849,221968,,15944953,19909577,,,,IT費用,4034261.0909239994,410717,25486,2436047,,12155142,19061653.090924002,,,,IT費用,3724899,198455,25415,36079,,12457921,16442769,,,,IT費用,3561889.72729,202170,68349,36205,,13098310,16966923.72729,,,,IT費用,3513145.818141,142722,26293,39493,,16104183,19825836.818141,,,,IT費用,3072306.9091049996,181948,24890,39572,,19131780,22450496.909105
,Q3,,,オフィス費用,,,,,,7733152,7733152,,,,オフィス費用,,,,,,9076985,9076985,,,,オフィス費用,,,,372,,10035872,10036244,,,,オフィス費用,,,,372,,26846009,26846381,,,,オフィス費用,,,,,,9305543,9305543,,,,オフィス費用,,88739,,,,18108923,18197662,,,,オフィス費用,,,,,,12721952,12721952,,,,オフィス費用,,10000,,,,7409527,7419527,,,,オフィス費用,,,,,,26932084,26932084,,,,オフィス費用,,,,,,24856181,24856181,,,,オフィス費用,,,,19432,,19198168,19217600,,,,オフィス費用,,,,,,33492400,33492400,,,,オフィス費用,,,,,,25105499,25105499
,Q4,,,その他,,8800,519995,,43200,1819166,2391161,,,,その他,,87866,191231,,,455469,734566,,,,その他,,172134,309128,,2264,5469290,5952816,,,,その他,,268800,1020354,,45464,7743925,9078543,,,,その他,,91333,132763.54545,,,1772540,1996636.54545,,,,その他,,-7667,58100,14561,,3739021,3804015,,,,その他,,-31666,58100,,,1663686,1690120,,,,その他,,31156,-55562,,18200,3432983,3426777,,,,その他,,78309,336968,100800,,5883720,6399797,,,,その他,,10336,110886,3523,,701184,825929,,,,その他,,31911,62343,2101,,2115144,2211499,,,,その他,8934,14814,168026,,,2736559,2928333,,,,その他,,,13644,5001,-9262,6119965,6129348
,,,,交通費および宿泊費,,3000,65067.000002,,,4782,72849.000002,,,,交通費および宿泊費,502439,4636,1056469.1,,,,1563544.1,,,,交通費および宿泊費,,105247,627907.0909398003,4455,3000,882896,1623505.0909398,,,,交通費および宿泊費,502439,112883,1749443.1909418006,4455,3000,887678,3259898.1909418004,,,,交通費および宿泊費,86377,115757,759423.9090501,,137586,992403.2727,2091547.1817500999,,,,交通費および宿泊費,48281,42609,944719.1818219003,,,231300,1266909.1818219007,,,,交通費および宿泊費,132867,239467,191534.90908810002,,,587994,1151862.9090881,,,,交通費および宿泊費,,-4168,532948.7272729999,,,800684,1329464.727273,,,,交通費および宿泊費,,176592,1432266.9090304002,,,1283155,2892013.9090304,,,,交通費および宿泊費,,7835,3232787,,,1190913,4431535,,,,交通費および宿泊費,,2051,311452,,,1154900,1468403,,,,交通費および宿泊費,,,121765,,2398,1149114,1273277,,,,交通費および宿泊費,668434,40823,490318,,,,1199575
,,,,人材採用,,,11654696.454548912,,,198000,11852696.454548912,,,,人材採用,,,7258443.1,1080000,,198000,8536443.1,,,,人材採用,,2115750,13653078.5459159,,,198000,15966828.545915898,,,,人材採用,,2115750,32566218.100464813,1080000,,594000,36355968.10046481,,,,人材採用,,,13928349.272718001,,,198000,14126349.272718001,,,,人材採用,,,11449425.0909325,,,1798000,13247425.0909325,,,,人材採用,,,11110341.0000655,,,1198000,12308341.0000655,,,,人材採用,,,12444770.818329493,,,1790500,14235270.818329511,,,,人材採用,,,7439213.6362765,,,,7439213.6362765,,,,人材採用,,,3588397,,,1751750,5340147,,,,人材採用,,4727,8531486,,,,8536213,,,,人材採用,,,10592442,,,,10592442,,,,人材採用,,,25261046,,,,25261046
,,,,会計士、税理士、監査法人、社労士,,100000,,,,20000,120000,,,,会計士、税理士、監査法人、社労士,,610000,,500000,,1600000,2710000,,,,会計士、税理士、監査法人、社労士,,-2426999,,,,20000,-2406999,,,,会計士、税理士、監査法人、社労士,,-1716999,,500000,,1640000,423001,,,,会計士、税理士、監査法人、社労士,,900000,,,,850000,1750000,,,,会計士、税理士、監査法人、社労士,,100000,,15500,,1000955,1116455,,,,会計士、税理士、監査法人、社労士,,1150000,,,,1297213,2447213,,,,会計士、税理士、監査法人、社労士,,100000,,,,30000,130000,,,,会計士、税理士、監査法人、社労士,,250000,,20000,,,270000,,,,会計士、税理士、監査法人、社労士,,100000,,460327,,2809530,3369857,,,,会計士、税理士、監査法人、社労士,,100000,,460327,,822800,1383127,,,,会計士、税理士、監査法人、社労士,,33250000,,460327,,3697200,37407527,,,,会計士、税理士、監査法人、社労士,,100000,,455164,,3444750,3999914
,,,,家賃系,,,,,,46954935,46954935,,,,家賃系,,,,,,46893381,46893381,,,,家賃系,,,,,,46831746,46831746,,,,家賃系,,,,,,140680062,140680062,,,,家賃系,,,,,,46770027,46770027,,,,家賃系,,,,,,94809468,94809468,,,,家賃系,,,,,,94747128,94747128,,,,家賃系,,,,,,96713145,96713145,,,,家賃系,,,,,,96641793,96641793,,,,家賃系,,,,,,96570343,96570343,,,,家賃系,,,,,,77822416,77822416,,,,家賃系,,,,,,77190055,77190055,,,,家賃系,,,,,,76628912,76628912
,,,,広告宣伝費,,,50000,,428786,480975,959761,,,,広告宣伝費,1867,,,,417792,450000,869659,,,,広告宣伝費,,,,,420643,6285,426928,,,,広告宣伝費,1867,,50000,,1267221,937260,2256348,,,,広告宣伝費,,,,,126991,,126991,,,,広告宣伝費,171,,,,133836,2500,136507,,,,広告宣伝費,2860,,,,-3696768,9282,-3684626,,,,広告宣伝費,,,,,50393,10800,61193,,,,広告宣伝費,,,,,103444,5718,109162,,,,広告宣伝費,,,,,139392,12000,151392,,,,広告宣伝費,,,,,132584,4317676,4450260,,,,広告宣伝費,210,,,,134566,2593199,2727975,,,,広告宣伝費,,,,,159992,,159992
,,,,業務委託費,,2481119,,774875,,46100,3302094,,,,業務委託費,,2134616,,755283,,,2889899,,,,業務委託費,,2994937,60000,931349,,154000,4140286,,,,業務委託費,,7610672,60000,2461507,,200100,10332279,,,,業務委託費,,2967068,,793807,,106463,3867338,,,,業務委託費,,3787447,,460327,,1144000,5391774,,,,業務委託費,,3355153,,908551,200000,249333,4713037,,,,業務委託費,,2601050,,2639478,,322667,5563195,,,,業務委託費,,2520126,,1205770,,681757,4407653,,,,業務委託費,,2402959,,902050,,536790,3841799,,,,業務委託費,,1285716,3120525,420885,,481429,5308555,,,,業務委託費,,1287425,,972302,,1577630,3837357,,,,業務委託費,,1869865,3344151,762378,,242140,6218534
,,,,社内会食,,139755,45818,,,90423,275996,,,,社内会食,,184504,39082,,,66628,290214,,,,社内会食,,156734,125404.54546,2364,,42968,327470.54546,,,,社内会食,,480993,210304.54546,2364,,200019,893680.5454599999,,,,社内会食,27799,443727,234813.363644,,,136203,842542.363644,,,,社内会食,4655,55655,38633.909090999994,,,-1030817,-931873.090909,,,,社内会食,13096,132492,272204.181815,,,297889,715681.181815,,,,社内会食,,74557,16763.636363,35040,3909,1493598,1623867.6363630001,,,,社内会食,,74439,47667.090909,6150,,1908583,2036839.090909,,,,社内会食,6218,79138,330913,5236,,963830,1385335,,,,社内会食,,231405,197202,,,1892698,2321305,,,,社内会食,,159976,128079,,18182,345825,652062,,,,社内会食,,96581,27436,97851,,,221868
,,,,銀行関係（振込手数料）,,,,,,557649,557649,,,,銀行関係（振込手数料）,,,,,,889199,889199,,,,銀行関係（振込手数料）,,,,,,927425,927425,,,,銀行関係（振込手数料）,,,,,,2374273,2374273,,,,銀行関係（振込手数料）,,,,,,774879,774879,,,,銀行関係（振込手数料）,,,,,,542507,542507,,,,銀行関係（振込手数料）,,,,,,704992,704992,,,,銀行関係（振込手数料）,,,,,,743520,743520,,,,銀行関係（振込手数料）,,,,,,703393,703393,,,,銀行関係（振込手数料）,,,,,,486998,486998,,,,銀行関係（振込手数料）,,,,,,573725,573725,,,,銀行関係（振込手数料）,,,,,,733745,733745,,,,銀行関係（振込手数料）,,,,,,509619,509619
,,,,Grand Total,4171477,2917356,12449229.909050906,1020875,471986,71471428,92502351.90905087,,,,Grand Total,3843242.2726993603,3186195,8591148.2,2521283,417792,75309384,93869044.47269933,,,,Grand Total,3938615,3306252,14941821.455045698,1184540,425907,76942894,100740029.45504569,,,,Grand Total,11953334.27269936,9409803,35982199.564096585,4726698,1315685,223723706,287111425.83679575,,,,Grand Total,4127919,4748346,15186506.545404097,1045849,264577,76077586.2727,101450783.8181041,,,,Grand Total,3376778.08,4261134,12604198.6363944,742326,133836,133382728,154501000.71639442,,,,Grand Total,3687187.6363789,5047209,11662543.727331601,1220484,-3496768,127366504,145487160.3637105,,,,Grand Total,3483908,3019494,12990770.181965495,2896486,72502,128692377,151155537.18196553,,,,Grand Total,4034261.0909239994,3510183,9281601.6362159,3768767,103444,146195345,166893601.7271399,,,,Grand Total,3731117,2798723,7288398,1407215,139392,142337440,157702285,,,,Grand Total,3561889.72729,1857980,12291357,938950,132584,121477266,140260026.72729,,,,Grand Total,3522289.818141,34854937,11036605,1472122,155146,139619910,190661009.81814098,,,,Grand Total,3740740.9091049996,2289217,29161485,1359966,150730,131182665,167884803.909105
,,,,,,,,,,,,,,,,,,,,,,,,,,,,,,,,,,,,,,,,,,,,,,,,,,,,,,,,,,,,,,,,,,,,,,,,,,,,,,,,,,,,,,,,,,,,,,,,,,,,,,,,,,,,,,,,,,,,,,,,,,,,,,,,,,,,,,,,,,,,,,,
,,,,,,,,,,,,,,,,,,,,,,,,,,,,,,,,,,,,,,,,,,,,,,,,,,,,,,,,,,,,,,,,,,,,,,,,,,,,,,,,,,,,,,,,,,,,,,,,,,,,,,,,,,,,,,,,,,,,,,,,,,,,,,,,,,,,,,,,,,,,,,,
,,,,(千円),Jan,,,,,,,,,,(千円),Feb,,,,,,,,,,(千円),Mar,,,,,,,,,,(千円),25Q1,,,,,,,,,,(千円),Apr,,,,,,,,,,(千円),May,,,,,,,,,,(千円),June,,,,,,,,,,(千円),July,,,,,,,,,,(千円),Aug,,,,,,,,,,(千円),Sep,,,,,,,,,,(千円),Oct,,,,,,,,,,(千円),Nov,,,,,,,,,,(千円),Dec,,,,,,
,,,,カテゴリー,Engineer,Finance,HR,Legal,PR,共通系,Grand Total,,,,カテゴリー,Engineer,Finance,HR,Legal,PR,共通系,Grand Total,,,,カテゴリー,Engineer,Finance,HR,Legal,PR,共通系,Grand Total,,,,カテゴリー,Engineer,Finance,HR,Legal,PR,共通系,Grand Total,,,,カテゴリー,Engineer,Finance,HR,Legal,PR,共通系,Grand Total,,,,カテゴリー,Engineer,Finance,HR,Legal,PR,共通系,Grand Total,,,,カテゴリー,Engineer,Finance,HR,Legal,PR,共通系,Grand Total,,,,カテゴリー,Engineer,Finance,HR,Legal,PR,共通系,Grand Total,,,,カテゴリー,Engineer,Finance,HR,Legal,PR,共通系,Grand Total,,,,カテゴリー,Engineer,Finance,HR,Legal,PR,共通系,Grand Total,,,,カテゴリー,Engineer,Finance,HR,Legal,PR,共通系,Grand Total,,,,カテゴリー,Engineer,Finance,HR,Legal,PR,共通系,Grand Total,,,,カテゴリー,Engineer,Finance,HR,Legal,PR,共通系,Grand Total
,,,,人件費,33063.58081165247,6621.467721211396,8944.5,1515.658,2002.615,-19978.596,32169.225532863868,,,,人件費,31137.874789140256,6595.694641646706,8392.267,1501.5250000000003,2075.949,1089.828,50793.13843078697,,,,人件費,31917.789728796244,6624.988154901319,8426.199,2046.057,1321.963,-3124.5909999999994,47212.40588369757,,,,人件費,96119.24532958897,19842.150517759423,25762.966,5063.24,5400.527,-22013.359,130174.76984734839,,,,人件費,33337.79583681989,7572.692692535952,9746.503000000002,2006.3560000000002,1321.881,4818.620000000001,58803.84852935585,,,,人件費,34549.99551499682,8042.535054482557,9805.312,1951.363,1312.531,4480.901999999986,60142.638569479364,,,,人件費,35949.06142758257,7913.777093815448,8891.016,1926.455,1311.8329999999999,-4128.771,51863.371521398025,,,,人件費,32268.34063326963,7121.202464824208,8722.029,1941.0360000000003,1355.5560000000003,7417.513,58825.67709809384,,,,人件費,31312.40254069556,7676.955899908088,7526.741999999985,1938.4659999999851,1450.399,6977.259999999985,56882.2254406036,,,,人件費,30077.44989882113,6934.791,7284.802999999999,1960.6189999999997,1459.708,-3503.7599999999848,44213.61089882114,,,,人件費,29812.34782938966,6967.484,6964.851999999999,1938.466,1424.112,6887.695,53994.95682938966,,,,人件費,29720.88935619039,7047.673,7362.554,1963.102,1442.8440000000003,5631.005999999985,53168.06835619038,,,,人件費,20104.301565945803,6290.592,7028.5269999999855,1793.838,1333.8290000000002,-9566.591999999986,26984.495565945803
,,,,IT費用,4171.477,184.682,113.65345450000001,246,,13566.246,18282.0584545,,,,IT費用,3338.9362726993604,164.573,45.923,186,,15679.722,19415.15427269936,,,,IT費用,3938.615,188.449,166.30327273,246,,12374.412,16913.77927273,,,,IT費用,11449.028272699361,537.704,325.87972723,678,,41620.380000000005,,,,,IT費用,4013.743,230.461,131.15645454200003,252.042,,15171.528,19798.930454542002,,,,IT費用,3323.67108,194.351,113.320454549,251.938,,13036.871,16920.151534549,,,,IT費用,3538.3646363789003,201.763,30.363636362999998,311.933,,13889.035,17971.4592727419,,,,IT費用,3483.908,206.899,51.849,221.968,,15944.953,19909.576999999997,,,,IT費用,4034.2610909239993,410.717,25.486,2436.047,,12155.142,19061.653090924,,,,IT費用,3724.899,198.455,25.415,36.079,,12457.921,16442.769,,,,IT費用,3561.88972729,202.17,68.349,36.205,,13098.31,16966.92372729,,,,IT費用,3513.145818141,142.722,26.293,39.493,,16104.183,19825.836818141,,,,IT費用,3072.3069091049997,181.948,24.89,39.572,,19131.78,22450.496909104997
,,,,オフィス費用,,,,,,7733.152,7733.152,,,,オフィス費用,,,,,,9076.985,9076.985,,,,オフィス費用,,,,0.372,,10035.872,10036.243999999999,,,,オフィス費用,,,,,,26846.009000000002,,,,,オフィス費用,,,,,,9305.543,9305.543,,,,オフィス費用,,88.739,,,,18108.923,18197.662,,,,オフィス費用,,,,,,12721.952,12721.952,,,,オフィス費用,,10,,,,7409.527,7419.527,,,,オフィス費用,,,,,,26932.084,26932.084,,,,オフィス費用,,,,,,24856.181,24856.181,,,,オフィス費用,,,,19.432,,19198.168,19217.600000000002,,,,オフィス費用,,,,,,33492.4,33492.4,,,,オフィス費用,,,,,,25105.499,25105.499
,,,,交通費および宿泊費,,3,65.067000002,,,4.782,72.849000002,,,,交通費および宿泊費,502.439,4.636,1056.4691,,,,1563.5441,,,,交通費および宿泊費,,105.247,627.9070909398002,4.455,3,882.896,1623.5050909398,,,,交通費および宿泊費,,112.883,1749.4431909418004,,,,,,,,交通費および宿泊費,86.377,115.757,759.4239090501001,,137.586,992.4032727,2091.5471817501,,,,交通費および宿泊費,48.281,42.609,944.7191818219003,,,231.3,1266.9091818219003,,,,交通費および宿泊費,132.867,239.467,191.53490908810002,,,587.994,1151.8629090881,,,,交通費および宿泊費,,-4.168,532.9487272729999,,,800.684,1329.4647272729999,,,,交通費および宿泊費,,176.592,1432.2669090304003,,,1283.155,2892.0139090304,,,,交通費および宿泊費,,7.835,3232.787,,,1190.913,4431.535,,,,交通費および宿泊費,,2.051,311.452,,,1154.9,1468.403,,,,交通費および宿泊費,,,121.765,,2.398,1149.114,1273.277,,,,交通費および宿泊費,668.434,40.823,490.318,,,,1199.5749999999998
,,,,人材採用 ,,,11654.696454548912,,,198,11852.696454548912,,,,人材採用 ,,,7258.4430999999995,1080,,198,8536.4431,,,,人材採用 ,,2115.75,13653.0785459159,,,198,15966.8285459159,,,,人材採用 ,,,32566.21810046481,,,594,,,,,人材採用 ,,,13928.349272718002,,,198,14126.349272718002,,,,人材採用 ,,,11449.4250909325,,,1798,13247.4250909325,,,,人材採用 ,,,11110.3410000655,,,1198,12308.3410000655,,,,人材採用 ,,,12444.770818329493,,,1790.5,14235.270818329493,,,,人材採用 ,,,7439.2136362765,,,,7439.2136362765,,,,人材採用 ,,,3588.397,,,1751.75,5340.147,,,,人材採用 ,,4.727,8531.486,,,,8536.213000000002,,,,人材採用 ,,,10592.442,,,,10592.442,,,,人材採用 ,,,25261.046,,,,25261.046
,,,,会計士、税理士、監査法人、社労士,,100,,,,20,120,,,,会計士、税理士、監査法人、社労士,,610,,500,,1600,2710,,,,会計士、税理士、監査法人、社労士,,-2426.999,,,,20,-2406.999,,,,会計士、税理士、監査法人、社労士,,-1716.9989999999998,,,,1640,,,,,会計士、税理士、監査法人、社労士,,900,,,,850,1750,,,,会計士、税理士、監査法人、社労士,,100,,15.5,,1000.955,1116.455,,,,会計士、税理士、監査法人、社労士,,1150,,,,1297.213,2447.2129999999997,,,,会計士、税理士、監査法人、社労士,,100,,,,30,130,,,,会計士、税理士、監査法人、社労士,,250,,20,,,270,,,,会計士、税理士、監査法人、社労士,,100,,460.327,,2809.53,3369.857,,,,会計士、税理士、監査法人、社労士,,100,,460.327,,822.8,1383.127,,,,会計士、税理士、監査法人、社労士,,33250,,460.327,,3697.2,37407.526999999995,,,,会計士、税理士、監査法人、社労士,,100,,455.164,,3444.75,3999.9139999999998
,,,,家賃系,,,,,,46954.935,46954.935,,,,家賃系,,,,,,46893.381,46893.381,,,,家賃系,,,,,,46831.746,46831.746,,,,家賃系,,,,,,140680.06199999998,,,,,家賃系,,,,,,46770.027,46770.027,,,,家賃系,,,,,,94809.468,94809.468,,,,家賃系,,,,,,94747.128,94747.128,,,,家賃系,,,,,,96713.145,96713.145,,,,家賃系,,,,,,96641.793,96641.793,,,,家賃系,,,,,,96570.343,96570.343,,,,家賃系,,,,,,77822.416,77822.416,,,,家賃系,,,,,,77190.055,77190.055,,,,家賃系,,,,,,76628.912,76628.912
,,,,広告宣伝費,,,50,,428.786,480.975,959.761,,,,広告宣伝費,1.867,,,,417.792,450,869.659,,,,広告宣伝費,,,,,420.643,6.285,426.928,,,,広告宣伝費,,,,,1267.221,937.26,,,,,広告宣伝費,,,,,126.991,,126.991,,,,広告宣伝費,0.171,,,,133.836,2.5,136.507,,,,広告宣伝費,2.86,,,,-3696.768,9.282,-3684.6259999999997,,,,広告宣伝費,,,,,50.393,10.8,61.193,,,,広告宣伝費,,,,,103.444,5.718,109.162,,,,広告宣伝費,,,,,139.392,12,151.392,,,,広告宣伝費,,,,,132.584,4317.676,4450.26,,,,広告宣伝費,0.21,,,,134.566,2593.199,2727.975,,,,広告宣伝費,,,,,159.992,,159.992
,,,,業務委託費,,2481.119,,774.875,,46.1,3302.094,,,,業務委託費,,2134.616,,755.283,,,2889.899,,,,業務委託費,,2994.937,60,931.349,,154,4140.286,,,,業務委託費,,7610.6720000000005,,2461.507,,,,,,,業務委託費,,2967.068,,793.807,,106.463,3867.338,,,,業務委託費,,3787.447,,460.327,,1144,5391.774,,,,業務委託費,,3355.153,,908.551,200,249.333,4713.036999999999,,,,業務委託費,,2601.05,,2639.478,,322.667,5563.195000000001,,,,業務委託費,,2520.126,,1205.77,,681.757,4407.653,,,,業務委託費,,2402.959,,902.05,,536.79,3841.799,,,,業務委託費,,1285.716,3120.525,420.885,,481.429,5308.555,,,,業務委託費,,1287.425,,972.302,,1577.63,3837.357,,,,業務委託費,,1869.865,3344.151,762.378,,242.14,6218.534
,,,,社内会食,,139.755,45.818,,,90.423,275.996,,,,社内会食,,184.504,39.082,,,66.628,290.214,,,,社内会食,,156.734,125.40454546,2.364,,42.968,327.47054546,,,,社内会食,,480.99300000000005,210.30454545999999,,,200.019,,,,,社内会食,27.799,443.727,234.813363644,,,136.203,842.5423636439999,,,,社内会食,4.655,55.655,38.63390909099999,,,-1030.817,-931.873090909,,,,社内会食,13.096,132.492,272.204181815,,,297.889,715.6811818150001,,,,社内会食,,74.557,16.763636363,35.04,3.909,1493.598,1623.867636363,,,,社内会食,,74.439,47.667090908999995,6.15,,1908.583,2036.839090909,,,,社内会食,6.218,79.138,330.913,5.236,,963.83,1385.335,,,,社内会食,,231.405,197.202,,,1892.698,2321.3050000000003,,,,社内会食,,159.976,128.079,,18.182,345.825,652.062,,,,社内会食,,96.581,27.436,97.851,,,221.868
,,,,銀行関係（振込手数料）,,,,,,557.649,557.649,,,,銀行関係（振込手数料）,,,,,,889.199,889.199,,,,銀行関係（振込手数料）,,,,,,927.425,927.425,,,,銀行関係（振込手数料）,,,,,,2374.273,,,,,銀行関係（振込手数料）,,,,,,774.879,774.879,,,,銀行関係（振込手数料）,,,,,,542.507,542.507,,,,銀行関係（振込手数料）,,,,,,704.992,704.992,,,,銀行関係（振込手数料）,,,,,,743.52,743.52,,,,銀行関係（振込手数料）,,,,,,703.393,703.393,,,,銀行関係（振込手数料）,,,,,,486.998,486.998,,,,銀行関係（振込手数料）,,,,,,573.725,573.725,,,,銀行関係（振込手数料）,,,,,,733.745,733.745,,,,銀行関係（振込手数料）,,,,,,509.619,509.619
,,,,その他,,8.8,519.995,,43.2,1819.166,2391.161,,,,その他,,87.866,191.231,,,455.469,734.566,,,,その他,,172.134,309.128,,2.264,5469.29,5952.816,,,,その他,,268.79999999999995,1020.354,,,7743.924999999999,,,,,その他,,91.333,132.76354545,,,1772.54,1996.63654545,,,,その他,,-7.667,58.1,14.561,,3739.021,3804.0150000000003,,,,その他,,-31.666,58.1,,,1663.686,1690.12,,,,その他,,31.156,-55.562,,18.2,3432.983,3426.777,,,,その他,,78.309,336.968,100.8,,5883.72,6399.7970000000005,,,,その他,,10.336,110.886,3.523,,701.184,825.929,,,,その他,,31.911,62.343,2.101,,2115.144,2211.499,,,,その他,8.934,14.814,168.026,,,2736.559,2928.333,,,,その他,,,13.644,5.001,-9.262,6119.965,6129.348
,,,,Grand Total,37235.05781165247,9538.823721211395,21393.729909050908,2536.533,2474.6009999999997,51492.83199999999,124671.5774419148,,,,Grand Total,34981.11706183961,9781.889641646709,16983.4152,4022.8080000000004,2493.741,76399.21199999998,144662.18290348633,,,,Grand Total,35856.404728796246,9931.24015490132,23368.0204550457,3230.5969999999998,1747.87,73818.30299999999,147952.43533874323,,,,Grand Total,,,,,,,,,,,Grand Total,37465.71483681989,12321.038692535953,24933.009545404107,3052.205,1586.458,80896.20627269999,160254.63234745993,,,,Grand Total,37926.77359499683,12303.669054482558,22409.5106363944,2693.689,1446.367,137863.63,214643.6392858738,,,,Grand Total,39636.24906396147,12960.986093815449,20553.559727331598,3146.939,-2184.9350000000004,123237.733,197350.53188510853,,,,Grand Total,35752.24863326963,10140.69646482421,21712.799181965493,4837.522,1428.0580000000004,136109.89,209981.21428005933,,,,Grand Total,35346.66363161956,11187.138899908088,16808.343636215886,5707.232999999985,1553.8429999999998,153172.605,223775.82716774353,,,,Grand Total,33808.56689882113,9733.514000000001,14573.201,3367.834,1599.1000000000001,138833.68000000002,201915.89589882112,,,,Grand Total,33374.23755667966,8825.464000000002,19256.209000000003,2877.4159999999997,1556.6960000000001,128364.96100000001,194254.98355667965,,,,Grand Total,33243.17917433139,41902.61,18399.159000000003,3435.224,1597.9900000000002,145250.916,243829.07817433137,,,,Grand Total,23845.042475050803,8579.809000000001,36190.01199999999,3153.804,1484.5590000000002,121616.07300000002,194869.2994750508
,,,,,,,,,,,,,,,,,,,,,,,,,,,,,,,,,,,,,,,,,,,,,,,,,,,,,,,,,,,,,,,,,,,,,,,,,,,,,,,,,,,,,,,,,,,,,,,,,,,,,,,,,,,,,,,,,,,,,,,,,,,,,,,,,,,,,,,,,,,,,,,
,,,,Check,,,,,,,8.731149137020111e-11,,,,Check,,,,,,,1.4551915228366852e-10,,,,Check,,,,,,,0,,,,Check,,,,,,,,,,,Check,,,,,,,0,,,,Check,,,,,,,2.1827872842550278e-10,,,,Check,,,,,,,1.673470251262188e-10,,,,Check,,,,,,,1.8189894035458565e-10,,,,Check,,,,,,,2.3283064365386963e-10,,,,Check,,,,,,,1.0913936421275139e-10,,,,Check,,,,,,,2.764863893389702e-10,,,,Check,,,,,,,0.0004389503301354125,,,,Check,,,,,,,6.973153358558193e-05
